"Title","Platform","Playing","Backlog","Replay","On hold","EA","Custom-3","Completed","Retired","Retired Notes","Start Date","Completion Date","Playthrough","Progress","Main Story","Main Story Notes","Main + Extras","Main + Extras Notes","Completionist","Completionist Notes","Speed Any%","Speed Any% Notes","Speed 100%","Speed 100% Notes","Co-Op","Multi-Player","General Notes","Storefront","Review","Review Notes","Added","Updated"
"8-Bit Bayonetta","PC","","","","","","","X","","","","2023-04-23","First-Play","00:45:00","--","","--","","00:45:00","","--","","--","","--","--","","Steam","40","","2023-04-23 18:25:58","2023-07-09 11:21:31"
"A Hat in Time","PC","","","","","","","X","","","","2019-04-05","First-Play","--","--","","21:51:00","","--","","--","","--","","--","--","","Steam","80","","2021-07-19 20:30:30","2025-01-03 19:42:02"
"A Story About My Uncle","PC","","","","","","","X","","","2024-10-20","2024-10-22","First-Play","--","1:59:00","","--","","--","","--","","--","","--","--","","Steam","50","","2024-10-21 13:37:59","2024-10-30 12:24:20"
"A Way Out","PC","","","","","","","X","","","","2023-05-21","First-Play","6:39:00","6:39:00","Co-op","--","","--","","--","","--","","--","--","","Xbox Game Pass","60","","2023-05-21 22:06:06","2025-06-19 20:33:04"
"ABZÛ","PC","","","","","","","X","","","","2024-04-11","First-Play","--","1:18:00","","--","","--","","--","","--","","--","--","","Steam","50","","2024-04-11 16:05:52","2024-04-11 16:52:53"
"Age of War","Browser","","","","","","","X","","","","2021-12-15","Replay","--","00:06:00","","--","","--","","--","","--","","--","--","","","20","","2021-12-15 12:36:39","2023-05-09 23:00:42"
"Air Combat","Emulated","","","","","","","X","","","2025-01-30","2025-02-01","First-Play","--","1:50:00","","--","","--","","--","","--","","--","--","PS1 / PC","Direct Download","50","","2025-01-30 11:33:40","2025-02-01 18:47:29"
"Alan Wake","PC","","","","","","","","X","gameplay is boring","","","","00:17:00","--","","--","","--","","--","","--","","--","--","","Steam","0","","2024-10-20 16:55:21","2025-10-26 13:41:04"
"Anomaly Agent","PC","","","","","","","X","","","","2024-01-28","First-Play","5:25:00","--","","5:25:00","Boxes 26/28","--","","--","","--","","--","--","","Steam","60","","2024-01-26 17:10:01","2024-01-28 00:03:36"
"Aperture Desk Job","PC","","","","","","","X","","","","2022-03-02","First-Play","00:32:00","00:32:00","","--","","--","","--","","--","","--","--","","Steam","60","","2022-03-02 00:00:19","2022-10-11 16:25:21"
"Aperture Hand Lab","PC VR","","","","","","","X","","","","2023-06-18","First-Play","00:25:00","00:25:00","","--","","--","","--","","--","","--","--","","Steam","40","","2023-06-18 17:11:32","2024-06-25 02:00:32"
"Aperture Tag: The Paint Gun Testing Initiative","PC","","","","","","","X","","","","2023-06-04","Replay","--","3:23:00","","--","","--","","--","","--","","--","--","","Steam","60","","2023-06-04 17:27:12","2024-12-14 23:58:04"
"Assassin's Creed Mirage","PC","","","","","","","X","","","2025-11-20","2025-11-24","First-Play","--","13:42:00","","--","","--","","--","","--","","--","--","","Ubisoft Connect","30","","2025-11-20 14:46:35","2025-11-24 15:37:43"
"Astal","Emulated","","","","","","","X","","","2025-11-03","2025-11-05","First-Play","--","1:33:00","","--","","--","","--","","--","","--","--","SS / PC","Direct Download","50","","2025-11-03 18:14:17","2025-11-05 19:39:09"
"Asteroids","Emulated","","","","","","","X","","","2026-01-22","2026-01-22","First-Play","--","00:10:00","Cleared the screen a few times","--","","--","","--","","--","","--","--","Atari 2600 / PC","Direct Download","50","","2026-01-22 11:37:47","2026-01-29 20:34:55"
"Astral Chain","Emulated","","","","","","","X","","","2024-08-09","2024-08-24","First-Play","--","15:39:00","Mostly standard. Didn't do File 12.","--","","--","","--","","--","","--","--","NS / PC","Direct Download","50","","2024-08-09 16:59:42","2024-11-04 17:24:23"
"Astro Bot","PlayStation 5","X","","","","","","","","","2026-04-01","","","6:54:00","--","","--","","--","","--","","--","","--","--","","PlayStation Store","60","","2026-04-01 16:00:53","2026-04-05 19:09:45"
"Astro's Playroom","PlayStation 5","","","","","","","X","","","2026-02-19","2026-02-21","First-Play","--","2:15:00","19.02.2026","3:55:00","20.02.2026","5:07:00","51/51 All Achievements","--","","--","","--","--","","PlayStation Store","70","","2026-02-19 13:03:47","2026-02-21 11:38:20"
"Awaria","PC","","","","","","","X","","","2025-01-09","2025-01-09","First-Play","1:26:00","1:25:00","","--","","--","","--","","--","","--","--","","Steam","60","","2025-01-08 23:20:41","2025-01-08 23:21:23"
"Azumanga Daioh Puzzle Bobble","Emulated","","","","","","","X","","","2025-10-03","2025-10-03","First-Play","--","00:48:00","Single Player Mode Clear - School Course - Chiyo","--","","--","","--","","--","","--","--","NAOMI GD-ROM / PC","Direct Download","50","","2025-10-03 18:18:25","2025-10-03 18:22:08"
"Bad Piggies","Emulated","","","","","","","X","","","2025-04-16","2025-05-23","First-Play","--","--","","--","","37:00:00","All Stars (including Field of Dreams)","--","","--","","--","--","Android / PC","Google Play","60","","2025-04-16 14:17:45","2025-05-23 16:33:44"
"Balatro","PC","","","","","","","X","","","2024-11-30","2024-11-30","First-Play","--","1:39:00","First Win","--","","--","","--","","--","","--","--","","Steam","60","","2024-11-30 01:37:42","2024-11-30 01:38:30"
"Bayonetta","PC","","","","","","","X","","","","2019-06-10","Replay","23:02:00","22:04:00","","23:02:00","","--","","--","","--","","--","--","","Steam","70","","2021-07-19 19:35:37","2023-04-04 03:49:16"
"Bayonetta 2","Nintendo Switch","","","","","","","X","","","","2019-01-09","First-Play","--","10:25:00","","25:00:00","","--","","--","","--","","--","--","","Nintendo eShop","100","","2021-07-19 20:35:54","2023-04-04 03:43:50"
"Bayonetta 3","Nintendo Switch","","","","","","","X","","","","2022-10-30","First-Play","--","13:11:33","","19:59:45","","--","","--","","--","","--","--","","Nintendo eShop","80","","2022-10-30 17:03:24","2025-03-28 10:55:11"
"Bayonetta Origins: Cereza and the Lost Demon","Emulated","","","","","","","X","","","","2023-08-09","First-Play","--","13:22:00","Main Story Only %72","--","","--","","--","","--","","--","--","NS / PC","Direct Download","70","","2023-04-23 16:30:33","2024-11-04 17:19:06"
"Beholder","PC","","","","","","","X","","","","2019-11-12","First-Play","1:25:00","1:25:00","","--","","--","","--","","--","","--","--","","Steam","50","","2021-07-19 20:37:34","2022-05-26 21:39:46"
"Berserk: Millennium Falcon Arc: Chapter of the Holy Demon War","Emulated","","","","","","","X","","","","2024-02-04","First-Play","--","10:25:00","","--","","--","","--","","--","","--","--","PS2 / PC","Direct Download","50","","2024-01-14 22:23:28","2024-02-04 09:57:13"
"Blade Chimera","PC","","","","","","","X","","","2025-01-17","2025-01-24","First-Play","--","8:17:00","","--","","--","","--","","--","","--","--","","Steam","50","","2025-01-17 07:52:02","2025-01-24 05:20:52"
"Bloodborne","PlayStation 4","","","","","","","X","","","","2023-12-11","First-Play","--","28:42:10","","--","","--","","--","","--","","--","--","16/17 (No Moon Presence)  - First playthrough (No Chalice Dungeon)

Level 80 Saw Cleaver

Vit: - 20
End: - 34
Str: - 50
Skill: - 13
Bloodtinge - 7
Arcane - 6

Ending:
Honoring Wishes","PlayStation Store","70","","2023-11-19 17:48:31","2023-12-11 16:09:24"
"Bloody Roar","Emulated","","","","","","","X","","","2024-11-27","2024-11-27","First-Play","--","00:26:00","Normal Arcade, Alice","--","","--","","--","","--","","--","--","PS1 / PC","Direct Download","50","","2024-11-27 18:07:09","2024-11-27 18:14:52"
"Bound","PlayStation 4","","","","","","","X","","","2024-12-15","2024-12-15","First-Play","--","1:33:00","","--","","--","","--","","--","","--","--","","PlayStation Plus","50","","2024-12-15 16:29:37","2026-02-20 00:25:20"
"Boxing","Emulated","","","","","","","X","","","2025-07-19","2025-07-19","First-Play","--","00:10:00","KO x 70","--","","--","","--","","--","","--","--","Atari 2600 / PC","Direct Download","40","","2025-07-19 09:53:05","2025-07-19 09:54:58"
"Bridge Constructor Portal","PC","","","","","","","X","","","","2023-05-31","First-Play","19:22:00","--","","--","","19:22:00","","--","","--","","--","--","","Steam","50","","2023-05-09 22:42:08","2023-07-09 11:21:15"
"Bridge Constructor Portal - Portal Proficiency","PC","","","","","","","X","","","","2023-06-03","First-Play","--","--","","--","","9:30:00","","--","","--","","--","--","","Steam","60","","2023-05-31 18:29:58","2023-07-09 11:20:25"
"Bright Memory: Infinite","PC","","","","","","","X","","","2024-12-01","2024-12-01","First-Play","--","1:30:08","","--","","--","","--","","--","","--","--","","Steam","50","","2024-11-30 22:21:50","2024-12-01 00:09:37"
"Brothers: A Tale of Two Sons","PC","","","","","","","X","","","","2024-04-14","First-Play","--","2:40:00","","--","","--","","--","","--","","--","--","","Steam","50","","2024-04-12 13:54:57","2024-04-14 18:45:45"
"Buckshot Roulette","PC","","","","","","","X","","","2024-11-04","2024-11-04","First-Play","--","00:15:00","","--","","--","","--","","--","","--","--","","Steam","60","","2024-11-04 16:22:09","2024-11-04 16:41:47"
"Bushido Blade","Emulated","","","","","","","X","","","2025-03-24","2025-03-24","First-Play","--","00:35:00","Story mode - Rapier - Red Shadow","--","","--","","--","","--","","--","--","PS1 / PC","Direct Download","40","","2025-03-24 10:37:32","2025-03-24 11:10:13"
"Call of Duty: Black Ops 6","PC","","","","","","","X","","","2024-10-25","2024-10-27","First-Play","--","7:25:00","","--","","--","","--","","--","","--","--","","Xbox Game Pass","50","","2024-10-25 00:47:01","2024-10-30 12:23:42"
"Call of Duty: Black Ops Cold War","PC","","","","","","","X","","","2024-08-24","2024-08-26","First-Play","--","4:41:00","","--","","--","","--","","--","","--","--","","Battle.net","60","","2024-08-24 23:16:42","2024-10-30 12:31:55"
"Call of Juarez: Gunslinger","PC","","","","","","","X","","","","2023-12-15","First-Play","3:23:00","3:23:00","","--","","--","","--","","--","","--","--","","Steam","50","","2023-12-09 07:17:57","2024-06-25 02:10:48"
"Captain Toad: Treasure Tracker","Emulated","","","","","","","X","","","2024-11-12","2024-11-13","First-Play","2:06:00","2:06:00","Only Episode 1","--","","--","","--","","--","","--","--","NS / PC","Direct Download","50","","2024-11-12 18:09:39","2024-11-13 02:41:52"
"Castlevania","Emulated","","","","","","","X","","","","2023-12-03","First-Play","--","1:01:00","","--","","--","","--","","--","","--","--","NES / PC","Direct Download","40","","2023-12-03 08:01:33","2024-06-25 02:01:17"
"Castlevania II: Simon's Quest","Emulated","","","","","","","X","","","","2023-12-04","First-Play","--","2:32:00","","--","","--","","--","","--","","--","--","NES / PC","Direct Download","40","","2023-12-04 04:38:40","2024-06-25 02:01:11"
"Castlevania: Circle of the Moon","Emulated","","","","","","","X","","","2024-10-28","2024-10-31","First-Play","--","7:21:00","71%","--","","--","","--","","--","","--","--","GBA / PC","Direct Download","50","","2024-10-27 21:50:34","2024-10-31 14:07:30"
"Castlevania: Symphony of the Night","Emulated","","","","","","","X","","","","2024-05-20","First-Play","--","5:07:00","Worst Ending","14:18:00","Good Ending 190% map completion.","--","","--","","--","","--","--","PS1 / PC","Direct Download","90","","2024-05-15 20:35:06","2024-05-20 11:10:41"
"Celeste","PC","","","","","","","X","","","","2022-03-01","First-Play","--","5:12:35","","--","","--","","--","","--","","--","--","","Epic Games","60","","2022-02-28 23:52:21","2022-05-26 21:35:47"
"Child of Eden","Emulated","","","","","","","X","","","2026-01-01","2026-01-03","First-Play","--","5:19:00","","--","","--","","--","","--","","--","--","PS3 / PC","Direct Download","60","","2026-01-01 14:41:42","2026-01-03 11:52:58"
"Circus Charlie","Emulated","","","","","","","X","","","2025-01-04","2025-01-04","First-Play","--","00:19:00","NES - 1st Loop completed.","--","","--","","--","","--","","--","--","NES / PC","Direct Download","50","","2025-01-04 19:09:56","2025-01-04 19:11:14"
"City Game Studio","PC","","","","","","","X","","","2025-06-19","2025-06-19","First-Play","--","4:46:00","","--","","--","","--","","--","","--","--","","Direct Download","60","","2025-06-19 07:23:57","2025-06-19 07:24:40"
"Clair Obscur: Expedition 33","PC","","","","","","","X","","","2025-04-24","2025-05-10","First-Play","--","37:58:00","Verso Ending - Few side-quests","--","","--","","--","","--","","--","--","","Xbox Game Pass","70","","2025-04-24 20:11:54","2025-06-19 20:30:19"
"Clustertruck","PC","","","","","","","X","","","","2021-11-04","First-Play","3:33:00","3:33:00","","--","","--","","--","","--","","--","--","","Steam","60","","2021-11-04 03:51:12","2023-01-01 18:21:36"
"Cocoon","PC","","","","","","","X","","","","2023-12-05","First-Play","--","3:59:00","","--","","--","","--","","--","","--","--","","Xbox Game Pass","50","","2023-12-05 05:35:33","2023-12-05 11:21:58"
"Control: Ultimate Edition","PC","","","","","","","X","","","","2024-01-11","First-Play","22:53:00","--","","22:53:00","Main Story+AWE+Foundation 52/67 achievements.","--","","--","","--","","--","--","","Steam","70","","2023-12-28 18:21:16","2024-01-11 18:51:34"
"Crash of the Titans","Emulated","","","","","","","X","","","","2021-06-13","First-Play","--","13:00:00","Co-op","--","","--","","--","","--","","--","--","PS2 / PC","Direct Download","40","","2021-07-19 21:18:11","2025-01-03 19:46:38"
"Crimson Desert","PC","X","","","","","","","","","2026-03-23","","","7:23:00","--","","--","","--","","--","","--","","--","--","","Steam","60","","2026-03-23 15:36:06","2026-04-01 06:43:53"
"Cuphead","PC","","","","","","","X","","","","2022-09-01","First-Play","--","--","","23:35:00","","--","","--","","--","","--","--","","Steam","60","","2022-08-13 04:43:15","2023-07-09 11:20:36"
"Cuphead: The Delicious Last Course","PC","","","","","","","X","","","","2022-09-06","First-Play","--","8:07:00","","9:10:00","","--","","--","","--","","--","--","","Steam","70","","2022-09-06 16:14:36","2024-11-28 18:52:57"
"Dance Dance Revolution Mario Mix","Emulated","","","","","","","X","","","","2024-02-21","First-Play","--","1:01:00","Finished normal mode without DDR pad","--","","--","","--","","--","","--","--","NGC / PC","Direct Download","40","","2024-02-20 23:46:00","2024-06-10 16:22:06"
"Dancing Eyes","Emulated","","","","","","","X","","","2024-11-04","2024-11-04","First-Play","--","1:03:21","","--","","--","","--","","--","","--","--","Namco System 11 / PC","Direct Download","50","","2024-11-04 17:05:32","2024-11-04 19:03:13"
"Dark Souls II","PC","","","","","","","X","","","","2023-10-27","First-Play","--","--","","46:59:30","29/32 Bosses - First playthrough  Ending: Proceed to Throne (No Dlc Bosses + No VENDRICK + No DARKLURKER + No ALDİA)","--","","--","","--","","--","--","29/32 Bosses - First playthrough  Ending: Proceed to Throne (No Dlc Bosses + No VENDRICK + No DARKLURKER + No ALDİA)

SL 140 

Vigor: 32
Endurance: 44
Vitality: 18
Attunement: 6
Strength: 50
Dexterity: 25
Adaptability: 6
Intelligence: 7
Faith: 5","Steam","60","","2023-09-06 20:27:48","2024-07-14 21:18:29"
"Dark Souls III","PC","","","","","","","X","","","","2024-04-29","First-Play","--","--","","46:56:25","All Bosses + All Dlc Bosses - First playthrough Ending: To Link The First Flame","--","","--","","--","","--","--","All Area Bosses + All Dlc Bosses - First playthrough Level SL 118 Vigor: 30 Attunement: 6 Endurance: 40 Vitality: 13 Strength: 43 Dexterity: 54 Intelligence: 9 Faith: 9 Luck: 11 Ending: To Link The First Flame","Steam","90","","2024-03-27 16:00:21","2024-09-09 18:19:51"
"Dark Souls III","PC","","","X","","","","X","","","2024-12-23","2025-01-01","Replay","--","16:57:00","Level SL 65 - Early Bad Fatih Build - Late Bad Dex Build","--","","--","","--","","--","","--","--","Level SL 65 Vigor: 23 Attunement: 14 Endurance: 24 Vitality: 7 Strength: 20 Dexterity: 30 Intelligence: 10 Faith: 16  Luck: 13 Ending: To Link The First Flame","Steam","0","","2024-12-28 09:22:15","2025-01-03 20:04:52"
"Dark Souls: Remastered","PC","","","","","","","X","","","","2023-09-05","First-Play","--","--","","76:36:00","All Area Bosses + All Dlc Bosses - First playthrough + Ending: The Dark Lord","--","","--","","--","","--","--","All Area Bosses + All Dlc Bosses - First playthrough

Level SL 92

Vit: 26
Att: 10
End: 36
Str: 46
Dex: 26
Res: 10
Int: 9
Fai: 11

Rings:
Cloranthy Ring
Ring of Favor and Protection

Spells:
Power Within","Steam","70","","2023-07-12 00:47:09","2024-12-27 18:42:41"
"Dave the Diver","Nintendo Switch","","","","X","","","","","","","","","8:36:00","--","","--","","--","","--","","--","","--","--","","Nintendo eShop","50","The game is very nice if you can be patient with the loop in the game","2024-01-04 09:12:43","2024-09-02 18:36:47"
"Daytona USA","Emulated","","","","","","","X","","","2024-12-06","2024-12-06","First-Play","--","1:33:00","Only 3 tracks","--","","--","","--","","--","","--","--","SS / PC","Direct Download","40","","2024-12-06 15:09:51","2025-11-16 02:29:11"
"Dead or Alive","Emulated","","","","","","","X","","","2025-01-01","2025-01-01","First-Play","--","00:41:00","Turnuva, Kasumi","--","","--","","--","","--","","--","--","PS1 / PC","Direct Download","50","","2025-01-01 19:28:31","2025-01-01 20:09:46"
"Dead or Alive 2","Emulated","","","","","","","X","","","2025-01-02","2025-01-02","First-Play","--","00:20:00","Beat with Kasumi","--","","--","","--","","--","","--","--","DC / PC","Direct Download","50","","2025-01-02 16:55:01","2025-01-02 17:01:10"
"Dead or Alive 3","Emulated","","","","","","","X","","","2025-01-07","2025-01-07","First-Play","--","00:30:00","Story Mode 2 Character - Ayane - Brad Wong","--","","--","","--","","--","","--","--","Xbox / PC","Direct Download","50","","2025-01-06 21:20:13","2025-01-06 22:13:21"
"Dead or Alive 4","Emulated","","","","","","","X","","","2025-01-07","2025-01-07","First-Play","--","00:31:00","Brad Wong","--","","--","","--","","--","","--","--","X360 / PC","Direct Download","40","","2025-01-07 02:10:17","2025-01-07 22:27:46"
"Deepest Sword","PC","","","","","","","X","","","","2021-07-20","First-Play","--","00:36:00","","--","","--","","--","","--","","--","--","","Steam","60","","2021-07-19 21:16:49","2022-05-26 21:16:45"
"Demon's Souls","Emulated","","","","","","","","X","I will play the remake version","","","","10:33:00","--","","--","","--","","--","","--","","--","--","PS3 / PC","Direct Download","40","","2024-02-04 14:03:34","2024-10-20 16:37:22"
"Demon's Souls","PlayStation 5","","","","","","","","X","remake version is also very boring.","2026-02-19","","","12:25:00","--","","--","","--","","--","","--","","--","--","","PlayStation Plus","40","","2026-02-20 00:11:17","2026-03-11 12:50:38"
"Devil May Cry","Emulated","","","","","","","X","","","","2023-11-10","First-Play","--","--","","7:29:00","","--","","--","","--","","--","--","PS2 / PC","Direct Download","50","","2023-11-07 00:54:09","2023-11-10 11:29:45"
"Devil May Cry 2","Emulated","","","","","","","X","","","","2023-11-17","First-Play","--","4:14:00","Only Dante","6:50:00","Dante (4:14:00), Lucia (2:36:00)","--","","--","","--","","--","--","PS2 / PC","Direct Download","50","","2023-11-16 15:00:02","2023-11-17 15:17:12"
"Devil May Cry 3: Dante's Awakening - Special Edition","Emulated","","","","","","","X","","","","2023-11-19","First-Play","--","9:17:00","","--","","--","","--","","--","","--","--","PS2 / PC","Direct Download","70","","2023-11-18 10:17:06","2023-11-19 16:21:46"
"Devil May Cry 4: Special Edition","PC","","","","","","","X","","","2024-11-18","2024-11-28","First-Play","--","9:03:00","","--","","--","","--","","--","","--","--","","Steam","60","","2024-11-18 13:51:37","2024-11-28 18:51:56"
"Devil May Cry 5","PC","","","X","","","","X","","","2024-11-29","2024-11-30","Replay","--","8:50:00","","--","","--","","--","","--","","--","--","","Steam","0","","2024-11-28 21:04:48","2024-11-30 15:42:08"
"Devil May Cry 5","PC","","","","","","","X","","","","2021-04-19","Replay","46:25:00","9:56:00","","46:25:00","","--","","--","","--","","--","--","","Steam","100","","2021-07-19 21:12:41","2023-10-02 07:19:53"
"Devil's Third","Emulated","","","","","","","X","","","2025-10-18","2025-10-21","First-Play","--","7:16:00","","--","","--","","--","","--","","--","--","Wii U / PC","Direct Download","60","","2025-10-18 20:58:31","2025-10-21 06:10:49"
"Diablo","PC","","","","","","","X","","","2025-02-26","2025-02-28","First-Play","--","18:32:00","DevilutionX - Real time - Multiplayer - Normal Difficulty - Rogue LVL 22 / Warrior LVL 23","--","","--","","--","","--","","--","--","","Xbox Game Pass","70","","2025-02-26 23:43:26","2025-02-28 23:47:12"
"Diablo II: Resurrected","PC","","","","","","","X","","","2025-10-14","2026-03-12","First-Play","--","--","","19:53:00","ACT V - Multiplayer - Normal Difficulty - Paladin LVL 30 / Sorceress LVL 31","--","","--","","--","","--","--","","Battle.net","60","","2025-10-14 03:16:37","2026-03-12 15:04:59"
"Diablo III","PC","X","","","","","","","","","2025-12-27","","","10:33:00","--","","--","","--","","--","","--","","--","--","","Battle.net","60","","2026-01-01 11:45:28","2026-01-29 20:17:21"
"Dino Crisis","Emulated","","","","","","","X","","","","2024-04-06","First-Play","--","8:06:00","Endings 1/3","--","","--","","--","","--","","--","--","PS1 / PC","Direct Download","50","","2024-04-03 21:04:43","2024-04-06 09:57:45"
"Divinity: Original Sin - Enhanced Edition","PC","","","","","","","X","","","2025-07-09","2025-07-26","First-Play","--","--","","53:58:00","Co-op - Main Story - Most Sidequests completed","--","","--","","--","","--","--","","Steam","70","","2025-07-09 04:31:22","2025-07-26 01:35:43"
"Divinity: Original Sin II","PC","","","","","","","X","","","2025-07-26","2025-09-19","First-Play","--","65:23:00","","--","","--","","--","","--","","--","--","","Steam","70","","2025-07-26 03:56:14","2025-09-18 23:07:57"
"DmC: Devil May Cry","PC","","","","","","","X","","","","2020-06-13","First-Play","6:00:00","6:12:00","","--","","--","","--","","--","","--","--","","Direct Download","40","","2021-07-19 21:11:33","2023-08-15 18:24:39"
"DoDonPachi","Emulated","","","","","","","X","","","2025-01-11","2025-01-11","First-Play","--","00:29:44","","--","","--","","--","","--","","--","--","CAVE 68000 Hardware / PC","Direct Download","50","","2025-01-10 21:12:23","2025-01-10 21:47:55"
"Dolphin Blue","Emulated","","","","","","","X","","","2026-02-13","2026-02-13","First-Play","--","00:47:00","Co-op","--","","--","","--","","--","","--","--","DC / PC","Direct Download","50","","2026-02-13 12:41:30","2026-02-13 12:42:19"
"Donkey Kong","Emulated","","","","","","","X","","","2024-11-03","2024-11-03","First-Play","--","00:06:00","One cycle","--","","--","","--","","--","","--","--","NES / PC","Direct Download","50","","2024-11-03 20:18:45","2024-11-03 20:28:30"
"Donkey Kong Country","Emulated","","","","","","","X","","","2024-10-18","2024-10-19","First-Play","--","2:04:00","39% Completion","--","","--","","--","","--","","--","--","SNES / PC","Direct Download","50","","2024-10-18 19:27:52","2024-10-30 12:24:54"
"Donkey Kong Country 2: Diddy's Kong Quest","Emulated","","","","","","","X","","","2024-11-01","2024-11-03","First-Play","--","3:02:00","53%","--","","--","","--","","--","","--","--","SNES / PC","Direct Download","50","","2024-11-01 19:01:40","2024-11-03 08:22:33"
"Donkey Kong Country 3: Dixie Kong's Double Trouble!","Emulated","","","","","","","X","","","2024-11-03","2024-11-03","First-Play","--","3:05:00","46%","--","","--","","--","","--","","--","--","SNES / PC","Direct Download","50","","2024-11-03 14:49:04","2024-11-03 20:05:07"
"Doom","PC","","","","","","","X","","","2025-01-01","2025-01-06","First-Play","--","10:39:00","","--","","--","","--","","--","","--","--","","Steam","60","","2025-01-01 15:27:21","2025-01-06 19:55:01"
"Doom","Emulated","","","","","","","X","","","","2019-02-27","Replay","5:28:00","5:28:00","","--","","--","","--","","--","","--","--","Homebrew App / PSP","Direct Download","30","","2021-07-19 19:40:18","2023-11-28 21:50:39"
"Doom Eternal","PC","","","","","","","X","","","2025-01-11","2025-01-19","First-Play","--","11:18:00","","--","","--","","--","","--","","--","--","","Steam","70","","2025-01-11 15:33:00","2025-01-19 17:26:05"
"Doom II: Hell on Earth","Emulated","","","","","","","X","","","","2019-02-28","Replay","--","8:21:00","","--","","--","","--","","--","","--","--","Homebrew App / PSP","Direct Download","30","","2021-07-19 21:20:10","2023-10-24 12:26:52"
"Doom: The Dark Ages","PC","","","","","","","X","","","2025-05-15","2025-05-20","First-Play","--","11:43:00","","--","","--","","--","","--","","--","--","","Xbox Game Pass","60","","2025-05-15 12:27:04","2025-05-19 22:16:15"
"Dragon's Dogma: Dark Arisen","PC","","","","","","","","X","Mission design is boring","","","","8:42:00","--","","--","","--","","--","","--","","--","--","","Steam","50","","2023-12-21 16:30:12","2025-02-26 23:38:31"
"Dynamite Cop","Emulated","","","","","","","X","","","2026-02-13","2026-02-13","First-Play","--","00:39:00","Co-op","--","","--","","--","","--","","--","--","DC / PC","Direct Download","50","","2026-02-13 11:21:41","2026-02-13 12:40:49"
"Elden Ring","PC","","","","","","","X","","","","2024-09-09","First-Play","--","--","","90:33:15","179/179 Bosses - First playthrough Ending: Age of the Stars","--","","--","","--","","--","--","179/179 Bosses - First playthrough  Level :168 Vigor: 40 Mind: 18 Endurance: 40 Strength: 60 Dexterity: 21 Intelligence: 31 Faith: 22 Arcane: 15 Ending: Age of the Stars","Steam","90","","2024-07-17 17:35:13","2025-04-08 20:48:38"
"Elden Ring","PC","","","X","","","","X","","","2024-12-16","2025-01-07","Replay","--","53:23:00","Seamless Co-op 2P - Ending: Lord of Frenzied Flame  Main Story : 49:38 We quit the DLC when we reached Messmer.","--","","--","","--","","--","","--","--","Seamless Co-op 2P - Ending: Lord of Frenzied Flame  Main Story : 49:38","Steam","0","","2024-12-21 03:55:10","2025-02-15 16:44:14"
"Elden Ring: Nightreign","PC","","","","","","","X","","","2025-05-30","2025-06-03","First-Play","--","29:03:01","Defeated All Nightlords","--","","--","","--","","--","","--","--","","Steam","70","","2025-05-30 04:00:11","2025-06-03 03:39:00"
"Elden Ring: Nightreign - The Forsaken Hollows","PC","","","","","","","X","","","2025-12-04","2025-12-05","First-Play","--","6:42:00","2/2 Hunt completed.","--","","--","","--","","--","","--","--","","Steam","70","","2025-12-05 12:58:43","2025-12-05 13:00:22"
"Elden Ring: Shadow of the Erdtree","PC","","","","","","","X","","","","2024-09-24","First-Play","--","--","","25:19:42","44/44 Bosses - Shadow Realm Blessing Max - First playthrough","--","","--","","--","","--","--","44/44 Bosses - Shadow Realm Blessing Max - First playthrough Level : 224 Vigor: 58 Mind: 20 Endurance: 40 Strength: 60 Dexterity: 60 Intelligence: 10 Faith: 20 Arcane: 35","Steam","70","","2024-09-10 16:49:09","2024-09-24 08:58:13"
"En Route: Space","PC","","","","","","","X","","","","2022-12-16","First-Play","--","2:30:00","","--","","--","","--","","--","","--","--","","Steam","40","","2022-12-16 15:39:47","2025-01-03 19:44:58"
"ENDER LILIES: Quietus of the Knights","PC","","","","","","","X","","","2025-07-31","2025-08-11","First-Play","--","17:09:00","Ending B","--","","--","","--","","--","","--","--","","Direct Download","50","","2025-07-31 18:24:18","2025-08-11 15:00:05"
"Escape Academy","PC","","","","","","","X","","","","2024-01-03","First-Play","--","5:34:00","Co-op","--","","--","","--","","--","","--","--","","Epic Games","50","","2024-01-02 03:06:28","2025-01-03 19:45:34"
"Factorio","PC","","","","","","","X","","","","2023-07-31","First-Play","--","47:18:11","","--","","--","","--","","--","","--","--","","Steam","100","","2023-07-31 12:58:14","2025-01-03 19:43:07"
"Far Cry 5","PC","","","","","","","","X","Gameplay is decent, but the main missions are very boring.","2025-02-09","","","8:19:00","--","","--","","--","","--","","--","","--","--","","Steam","60","","2025-02-09 05:56:48","2025-02-28 08:42:09"
"Fez","PC","","","","","","","X","","","2024-09-03","2024-09-04","First-Play","--","4:16:00","101.6%","--","","--","","--","","--","","--","--","","Steam","50","","2024-09-03 17:04:16","2024-11-30 01:41:21"
"Final Fantasy","PC","","","","","","","X","","","2025-11-17","2025-12-19","First-Play","--","13:34:00","PIXEL REMASTER - Level 57 - Disabled Encounters","--","","--","","--","","--","","--","--","","Direct Download","60","","2025-11-17 07:38:50","2025-12-19 06:33:35"
"Final Fantasy XV: Complete Edition","PC","","","","","","","","X","The size of the game is too big","","","","15:40:00","--","","--","","--","","--","","--","","--","--","","Steam","0","","2022-05-26 21:58:27","2023-07-04 04:47:23"
"Fireboy & Watergirl in The Forest Temple","Browser","","","","","","","X","","","","2022-07-01","First-Play","--","1:28:00","Co-op","--","","--","","--","","--","","--","--","","","40","","2022-07-01 14:04:23","2025-01-03 19:44:29"
"FRAMED Collection","PC","","","","","","","X","","","","2022-06-17","First-Play","2:55:00","2:55:00","","--","","--","","--","","--","","--","--","","Steam","50","","2022-06-17 17:33:07","2023-05-09 23:07:35"
"Freeways","PC","","","","","","","X","","","","2022-12-22","First-Play","6:14:00","6:14:00","18739","--","","--","","--","","--","","--","--","","Steam","70","","2022-12-22 00:08:37","2022-12-22 00:08:37"
"Gauntlet Dark Legacy","Emulated","","","","","","","","X","everyone I was playing with already gave up.","2026-03-01","","","2:47:00","--","","--","","--","","--","","--","","--","--","PS2 / PC","Direct Download","60","","2026-03-01 03:10:39","2026-03-04 05:05:39"
"Gekijouban Madoka Magicka: The Battle Pentagram","Emulated","","","","","","","","X","Do not play a visual novel game in a language you do not know.","","","","3:23:00","--","","--","","--","","--","","--","","--","--","PSVİTA / PC","Direct Download","40","","2024-07-02 19:07:31","2024-07-18 15:56:47"
"Genshin Impact","Mobile","","","","","","","X","","","2020-09-28","2022-07-02","First-Play","--","--","","--","","--","at least 3486h - Together with all events from the first release of the game until 60 AR","--","","--","","--","--","Making all the events that are 60 and released","Direct Download","60","","2022-07-02 09:19:40","2025-01-09 21:05:37"
"Ghost of Tsushima","PC","","","","","","","X","","","","2024-06-23","First-Play","--","20:48:00","Finished Main Campaign","--","","--","","--","","--","","--","--","","Steam","60","","2024-06-05 19:07:13","2024-06-23 03:37:12"
"Ghostrunner","PC","","","","","","","X","","","","2021-11-11","First-Play","--","8:33:00","","9:05:00","","--","","--","","--","","--","--","","Steam","60","","2021-11-11 02:01:33","2025-09-22 22:25:25"
"Ghostrunner II","PC","","","","","","","X","","","2024-10-05","2024-10-07","First-Play","--","7:16:00","","--","","--","","--","","--","","--","--","","Steam","50","","2024-10-05 06:50:01","2024-11-30 01:40:48"
"GioGio's Bizarre Adventure: Vento Aureo","Emulated","","","","","","","X","","","","2021-11-19","First-Play","--","3:00:00","","--","","--","","--","","--","","--","--","PS2 / PC","Direct Download","30","","2021-11-19 05:20:18","2023-10-24 12:28:09"
"Goat Simulator 3","PC","","","","","","","X","","","","2023-12-18","First-Play","--","--","","7:11:00","","--","","--","","--","","--","--","","Xbox Game Pass","60","","2023-12-18 01:22:23","2023-12-18 01:34:43"
"God Hand","Emulated","","","","","","","X","","","2025-08-14","2025-08-26","First-Play","--","14:55:00","","--","","--","","--","","--","","--","--","PS2 / PC","Direct Download","60","","2025-08-14 19:27:59","2025-08-26 00:29:07"
"God of War","Emulated","","","","","","","X","","","","2023-10-30","First-Play","--","--","","11:20:00","Difficulty Hero - All Gorgon Eyes, All Phoenix Feathers","--","","--","","--","","--","--","PS2 / PC","Direct Download","40","","2023-10-28 02:44:27","2023-10-30 20:19:19"
"God of War II","Emulated","","","","","","","X","","","2024-10-01","2024-10-07","First-Play","--","11:46:00","","--","","--","","--","","--","","--","--","PS2 / PC","Direct Download","50","","2024-10-01 19:29:22","2024-10-30 12:25:39"
"God of War III","PlayStation 4","","","","","","","X","","","2024-12-06","2024-12-08","First-Play","--","8:55:00","","--","","--","","--","","--","","--","--","","PlayStation Plus","60","","2024-12-06 18:59:16","2026-02-20 00:25:27"
"God of War: Ascension","Emulated","","","","","","","X","","","2025-05-24","2025-06-06","First-Play","--","8:13:34","","--","","--","","--","","--","","--","--","PS3 / PC","Direct Download","50","","2025-05-24 12:10:33","2025-06-06 16:49:16"
"God of War: Betrayal","Emulated","","","","","","","X","","","2025-06-06","2025-06-07","First-Play","--","1:17:00","","--","","--","","--","","--","","--","--","Java ME / PC","Direct Download","50","","2025-06-06 20:24:26","2025-06-07 11:19:45"
"God of War: Chains of Olympus","Emulated","","","","","","","X","","","2024-11-04","2024-11-09","Replay","--","5:31:00","","--","","--","","--","","--","","--","--","PSP / PC","Direct Download","50","","2024-11-04 20:15:44","2024-11-09 15:17:47"
"God of War: Ghost of Sparta","Emulated","","","","","","","X","","","2025-01-19","2025-01-24","First-Play","--","5:32:00","","--","","--","","--","","--","","--","--","PSP / PC","Direct Download","50","","2025-01-19 17:32:55","2025-01-24 21:29:19"
"Gran Turismo 7","PlayStation 5","X","","","","","","","","","2026-04-01","","","12:38:00","--","","--","","--","","--","","--","","--","--","","PlayStation Store","60","","2026-04-02 00:35:19","2026-04-05 19:10:01"
"Gravethorn","PC","","","","","","","","X","Level design is boring","2026-02-03","","","1:31:00","--","","--","","--","","--","","--","","--","--","","Steam","50","","2026-02-03 18:03:55","2026-02-05 18:28:29"
"GRIS","PC","","","","","","","X","","","","2024-03-12","First-Play","--","3:02:00","","--","","--","","--","","--","","--","--","","Steam","50","","2024-03-12 01:50:50","2024-12-15 18:19:37"
"Guardian Heroes","Emulated","","","","","","","X","","","2026-04-04","2026-04-05","First-Play","--","00:41:00","Coop - Easy difficulty - Ending 3","--","","--","","--","","--","","--","--","X360 / PC","Direct Download","50","","2026-04-05 13:09:40","2026-04-05 13:16:47"
"Gunfire Reborn","PC","","","","","","","X","","","2025-05-09","2025-05-11","First-Play","8:40:00","8:40:00","One Run","--","","--","","--","","--","","--","--","","Direct Download","50","","2025-05-11 01:13:37","2025-05-11 01:16:31"
"Gunman Clive HD Collection","Emulated","","","","","","","X","","","2026-02-02","2026-02-02","First-Play","--","4:50:00","","--","","--","","--","","--","","--","--","NS / PC","Direct Download","50","","2026-02-02 11:55:36","2026-02-02 11:58:19"
"Hades","PC","","","","","","","X","","","","2024-05-30","First-Play","--","6:47:00","First completed run (26th attempt)","24:06:00","Hades defeated 10 times (50th attempt)","--","","--","","--","","--","--","","Steam","60","","2024-05-26 21:28:01","2024-06-10 12:40:53"
"Half-Life","PC","","","","","","","X","","","2024-11-17","2024-11-18","Replay","3:17:00","6:24:00","","--","","--","","--","","--","","--","--","","Direct Download","60","","2024-11-17 07:08:30","2024-11-18 10:04:57"
"Half-Life 2","PC","","","","","","","X","","","2025-02-02","2025-02-15","First-Play","--","--","","15:35:00","Base game (9H 20M) + Episode 1 (2H 47M) + Episode 2 (3H 28M)","--","","--","","--","","--","--","","Steam","60","","2025-02-02 19:18:37","2025-02-15 16:25:44"
"Half-Life: Alyx","PC VR","","","","","","","","X","Too boring","2024-04-27","","","7:24:00","--","","--","","--","","--","","--","","--","--","","Steam","50","","2024-04-26 19:15:38","2025-03-13 17:05:52"
"Half-Life: Decay","PC","","","","","","","X","","","2025-11-11","2025-11-12","First-Play","--","5:08:00","Co-op - Fan-made Mod","--","","--","","--","","--","","--","--","Fan-made","Steam","60","","2025-11-11 21:36:27","2025-11-12 00:23:38"
"Halo: The Master Chief Collection","PC","","","","","","","X","","","","2021-08-16","First-Play","--","8:46:00","Only Halo 1","--","","--","","--","","--","","--","--","","Steam","30","","2024-12-02 20:35:17","2024-12-02 20:36:59"
"Hatsune Miku and Future Stars: Project Mirai","Emulated","","","","","","","X","","","2024-11-21","2024-11-23","First-Play","--","1:32:29","","--","","--","","--","","--","","--","--","3DS / Android","Direct Download","50","","2024-11-21 18:07:11","2024-11-23 18:33:04"
"Hellblade: Senua's Sacrifice","PC","","","","","","","X","","","","2023-07-09","First-Play","--","--","","6:18:00","","--","","--","","--","","--","--","","Steam","50","","2023-07-03 14:37:37","2023-08-15 18:31:37"
"Helltaker","PC","","","","","","","X","","","","2020-07-27","First-Play","2:07:00","2:07:00","","--","","--","","--","","--","","--","--","","Steam","50","","2021-07-19 21:06:05","2022-10-11 16:28:39"
"HENTAI CLIMBER","PC","","","","","","","X","","","","2020-03-08","First-Play","--","1:23:00","","--","","--","","--","","--","","--","--","","Steam","10","","2021-07-19 21:07:23","2023-05-09 22:59:30"
"Hitman 3","PC","","","","","","","X","","","","2023-11-05","First-Play","27:49:00","--","","27:49:00","Hitman 1 (11h 4m) LVL 33, Hitman 2 (11h 3m) LVL 62, Hitman 3 (5h 42m) LVL 82","--","","--","","--","","--","--","","Steam","80","","2023-10-31 02:59:22","2023-11-05 22:40:54"
"Hollow Knight","PC","","","","","","","X","","","2025-08-30","2025-09-08","First-Play","--","25:31:15","Ending 3: Dream No More - 80%","--","","--","","--","","--","","--","--","","Steam","70","","2025-08-30 11:06:35","2025-09-08 15:35:23"
"Hotline Miami","PC","","","","","","","X","","","","2023-10-12","First-Play","5:14:00","4:23:00","Original campaign","5:14:00","Original campaign + Biker episode","--","","--","","--","","--","--","","Steam","60","","2023-10-12 10:47:14","2023-10-12 11:11:08"
"IA/VT Colorful","Emulated","","","","","","","X","","","2024-12-12","2024-12-22","First-Play","--","7:34:00","All songs beaten on Normal - 31 LVL","--","","--","","--","","--","","--","--","PS Vita / PC","Direct Download","60","","2024-12-11 23:14:41","2024-12-21 22:06:38"
"Ice Age: Dawn of the Dinosaurs","PC","","","","","","","X","","","","2024-06-08","First-Play","--","3:28:00","","--","","--","","--","","--","","--","--","","Direct Download","50","","2024-06-04 14:04:42","2024-06-08 17:40:16"
"Inuyasha: A Feudal Fairy Tale","Emulated","","","","","","","X","","","2024-10-20","2024-10-20","First-Play","--","00:30:00","Feudal Fairy Tale - Kagome","--","","--","","--","","--","","--","--","PS1 / PC","Direct Download","40","","2024-10-20 18:08:18","2024-10-30 12:24:36"
"InuYasha: Feudal Combat","Emulated","","","","","","","X","","","2024-11-01","2024-11-01","First-Play","--","00:23:00","Only Inuyasha Story","--","","--","","--","","--","","--","--","PS2 / PC","Direct Download","40","","2024-11-01 18:20:14","2024-11-01 18:48:27"
"Iron Man","PC","","","","","","","X","","","","2024-06-10","First-Play","--","3:00:00","","--","","--","","--","","--","","--","--","","Direct Download","50","","2024-06-09 16:17:18","2024-06-10 14:51:08"
"Is This Seat Taken?","PC","","","","","","","X","","","2025-08-10","2025-08-14","First-Play","--","--","","--","","5:44:00","Full stars","--","","--","","--","--","","Direct Download","50","","2025-08-10 19:17:17","2025-08-14 14:11:47"
"It Takes Two","PC","","","","","","","X","","","","2023-05-10","First-Play","--","--","","12:22:01","Co-op","--","","--","","--","","--","--","","Xbox Game Pass","70","","2022-05-26 21:55:04","2025-03-07 09:43:58"
"John Wick Hex","PC","","","","","","","X","","","","2024-04-03","First-Play","--","8:33:00","","--","","--","","--","","--","","--","--","","Steam","40","","2024-04-01 04:34:50","2024-04-03 13:42:20"
"Journey","PlayStation 4","","","","","","","X","","","","2020-04-19","First-Play","--","2:31:00","","--","","--","","--","","--","","--","--","","PlayStation Store","60","","2021-07-19 21:03:46","2022-05-26 21:19:14"
"Jujutsu Kaisen: Cursed Clash","PC","","","","","","","X","","","2026-03-19","2026-03-25","First-Play","--","4:58:00","","5:35:00","Hidden Inventory/Premature Death + Shibuya Incident","--","","--","","--","","--","--","","Direct Download","50","","2026-03-19 13:56:27","2026-03-25 20:45:54"
"K-On! Houkago Live!!","Emulated","","","","","","","X","","","","2024-04-06","First-Play","--","2:17:00","Unlocked all the songs - 24%","--","","--","","--","","--","","--","--","PSP / PC","Direct Download","60","","2024-04-06 14:08:36","2024-12-11 23:17:49"
"Katana ZERO","PC","","","","","","","X","","","","2023-01-01","First-Play","4:48:00","4:48:00","","--","","--","","--","","--","","--","--","","Steam","80","","2022-12-31 23:00:46","2023-09-14 11:26:28"
"Keeper","PC","","","","","","","","X","visuals are nice but gameplay is boring","2025-10-18","","","00:23:00","--","","--","","--","","--","","--","","--","--","","Direct Download","0","","2025-10-17 22:16:01","2025-10-17 22:17:16"
"Kill la Kill The Game: IF","PC","","","","","","","X","","","","2024-06-28","First-Play","4:22:00","--","","4:22:00","Both stories","--","","--","","--","","--","--","Both Stories","Direct Download","50","","2024-06-25 01:48:23","2024-06-28 19:41:15"
"Kirby and the Forgotten Land","Emulated","","","","","","","X","","","2025-09-15","2025-10-17","First-Play","--","12:26:00","64% Completed.","--","","--","","--","","--","","--","--","NS / PC","Direct Download","50","","2025-09-15 19:04:42","2025-10-17 02:12:41"
"Kirby Super Star","Emulated","","","","","","","X","","","2024-09-05","2024-09-15","First-Play","--","--","","3:50:00","All Campaigns completed","--","","--","","--","","--","--","SNES / PC","Direct Download","60","","2024-09-14 22:54:31","2024-10-30 12:30:17"
"Kirby's Adventure","Emulated","","","","","","","X","","","","2023-11-29","First-Play","--","2:55:00","76% completion, Beat final boss","--","","--","","--","","--","","--","--","NES / PC","Direct Download","60","","2023-11-27 21:57:27","2023-11-29 21:14:24"
"Kirby's Blowout Blast","Emulated","","","","","","","X","","","2024-11-20","2024-11-21","First-Play","--","00:59:14","","--","","--","","--","","--","","--","--","3DS / Android","Direct Download","50","","2024-11-20 15:26:30","2024-11-21 14:52:50"
"Kirby's Dream Land","Emulated","","","","","","","X","","","","2023-05-07","First-Play","--","00:56:00","","--","","--","","--","","--","","--","--","GB / PC","Direct Download","50","","2023-05-07 04:01:12","2024-11-04 17:26:13"
"Kirby's Dream Land 2","Emulated","","","","","","","X","","","","2024-05-01","First-Play","--","3:03:00","","--","","--","","--","","--","","--","--","GB / PC","Direct Download","50","","2024-04-30 12:06:34","2024-11-04 17:24:47"
"Knack","PlayStation 5","","","","","","","X","","","2026-02-23","2026-03-19","First-Play","--","12:03:00","","--","","--","","--","","--","","--","--","","PlayStation Plus","50","","2026-02-23 05:51:35","2026-03-19 03:29:16"
"KOEGASURU","PC","","","","","","","X","","","2025-06-09","2025-06-09","First-Play","--","00:23:00","","--","","--","","--","","--","","--","--","","Steam","30","","2025-06-09 16:58:30","2025-06-09 16:58:51"
"Kunitsu-Gami: Path of the Goddess","PC","","","","","","","X","","","2024-09-01","2024-09-16","First-Play","--","--","","11:42:34","All villages repaired","--","","--","","--","","--","--","","Xbox Game Pass","60","","2024-09-01 12:43:51","2024-10-30 12:30:04"
"Learn to Fly","Browser","","","","","","","X","","","","2023-12-13","First-Play","--","--","","--","","00:36:00","27 Day","--","","--","","--","--","","","50","","2023-12-13 16:19:25","2024-06-20 18:17:02"
"Learn to Fly 2","Browser","","","","","","","X","","","2024-11-14","2024-11-14","First-Play","--","00:34:00","","--","","--","","--","","--","","--","--","","","60","","2024-11-14 03:32:07","2024-11-14 03:32:37"
"Learn to Fly 3","PC","","","","","","","X","","","2026-03-12","2026-03-12","First-Play","--","00:54:00","59 Day","--","","--","","--","","--","","--","--","","Steam","50","","2026-03-12 11:17:01","2026-03-12 11:18:01"
"Left 4 Dead","PC","","","","","","","X","","","2025-12-09","2025-12-10","First-Play","--","4:03:00","2 Player","--","","--","","--","","--","","--","--","","Steam","60","","2023-05-09 22:39:53","2025-12-10 19:30:54"
"Left 4 Dead - Crash Course","PC","","","","","","","X","","","","2023-01-24","Replay","--","00:23:00","","--","","--","","--","","--","","--","--","","Steam","40","","2023-01-24 18:16:00","2024-06-25 02:00:51"
"Left 4 Dead - The Sacrifice","PC","","","","","","","X","","","","2023-01-16","Replay","--","00:27:00","","--","","--","","--","","--","","--","--","","Steam","40","","2023-01-16 14:38:56","2024-06-25 02:00:35"
"Left 4 Dead 2","PC","","","","","","","X","","","","2023-01-24","Replay","--","--","","9:46:00","","--","","--","","--","","--","--","","Steam","60","","2023-01-16 14:37:24","2023-07-09 11:20:46"
"Left 4 Dead 2: Cold Stream","PC","","","","","","","X","","","","2023-01-24","Replay","--","00:45:00","","--","","--","","--","","--","","--","--","","Steam","40","","2023-01-24 18:17:06","2024-06-25 02:00:40"
"Left 4 Dead 2: The Last Stand","PC","","","","","","","X","","","","2023-01-24","First-Play","--","00:25:00","","--","","--","","--","","--","","--","--","","Steam","40","","2023-01-24 18:15:22","2024-06-25 02:00:45"
"Left 4 Dead 2: The Passing","PC","","","","","","","X","","","","2023-01-12","Replay","--","00:42:00","","--","","--","","--","","--","","--","--","","Steam","50","","2023-01-12 20:37:19","2023-12-15 09:16:45"
"Lies of P","PC","","","","","","","X","","","2024-11-01","2024-11-08","First-Play","--","--","","23:17:05","All Bosses - First playthrough - Ending : Free from the Puppet String","--","","--","","--","","--","--","All Bosses + All Mini Bosses - First playthrough Level 80 Vit: 17 Vigor: 20 Cap: 30 Mot: 5 Tec: 41 Adv: 6 Ending : Free from the Puppet String","Xbox Game Pass","70","","2024-11-01 10:11:47","2024-11-08 15:37:03"
"Lollipop Chainsaw","Emulated","","","","","","","X","","","2024-09-21","2024-09-24","First-Play","--","--","","5:33:00","Good Ending","--","","--","","--","","--","--","PS3 / PC","Direct Download","60","","2024-09-21 15:00:05","2024-10-30 12:28:29"
"Lost Soul Aside","PC","","","","","","","X","","","2025-08-30","2025-09-12","First-Play","--","18:02:00","","--","","--","","--","","--","","--","--","","Direct Download","60","","2025-08-30 07:13:51","2025-09-12 19:33:22"
"Luigi's Mansion","Emulated","","","","","","","X","","","","2024-08-10","First-Play","--","--","","7:27:00","49/50 Boos","--","","--","","--","","--","--","NGC / PC","Direct Download","60","","2024-07-31 21:56:38","2024-08-10 13:36:18"
"Machinika Museum","PC","","","","","","","X","","","","2024-06-04","First-Play","--","2:30:00","","--","","--","","--","","--","","--","--","","Steam","50","","2024-06-04 17:21:58","2024-06-04 17:22:27"
"Mario vs. Donkey Kong","Emulated","","","","","","","X","","","","2024-02-20","First-Play","--","5:34:00","Classic Style - 8 Worlds - All Perfect","--","","--","","--","","--","","--","--","NS / PC","Direct Download","50","","2024-02-18 01:54:53","2024-11-04 17:25:05"
"Mario's Picross","Emulated","","","","","","","X","","","","2024-02-15","First-Play","--","3:36:00","Easy Levels Only","--","","--","","--","","--","","--","--","GB / PC","Direct Download","70","","2024-02-14 22:33:05","2024-11-04 17:25:10"
"Marvel Super Heroes vs. Street Fighter","Emulated","","","","","","","X","","","2025-09-30","2025-09-30","First-Play","--","00:25:00","Beat with Spider-man and Sakura","--","","--","","--","","--","","--","--","Capcom Play System 2 / PC","Direct Download","50","","2025-09-30 01:16:41","2025-09-30 01:18:09"
"Marvel's Avengers","PC","","","","","","","X","","","","2020-09-04","First-Play","13:12:00","13:12:00","","--","","--","","--","","--","","--","--","","Steam","50","","2021-07-19 21:09:27","2025-01-03 19:47:05"
"Marvel's Spider-Man 2","PC","","","","","","","X","","","2025-02-25","2025-03-16","First-Play","--","--","","--","","28:11:00","","--","","--","","--","--","","Direct Download","70","","2025-02-25 17:18:31","2025-03-16 16:45:48"
"Marvel's Spider-Man: Game of the Year Edition","PC","","","","","","","X","","","","2022-10-18","First-Play","32:36:00","--","","--","","32:36:01","","--","","--","","--","--","","Steam","70","","2022-10-11 15:52:59","2024-11-07 22:36:38"
"Marvel's Spider-Man: Miles Morales","PC","","","","","","","X","","","2024-10-07","2024-10-13","First-Play","12:41:00","--","","--","","15:03:00","100% (No NG+)","--","","--","","--","--","","Direct Download","60","","2024-10-07 09:22:19","2024-10-30 12:25:23"
"Max Payne","PC","","","","","","","X","","","","2023-07-31","First-Play","6:42:00","8:12:00","","--","","--","","--","","--","","--","--","","Steam","60","","2023-07-19 22:27:23","2023-07-31 15:22:46"
"Max Payne 2: The Fall of Max Payne","PC","","","","","","","X","","","","2023-09-14","First-Play","--","4:56:00","","--","","--","","--","","--","","--","--","","Steam","70","","2023-08-09 00:09:12","2023-09-14 05:44:11"
"Max Payne 3","PC","","","","","","","X","","","2024-11-08","2024-11-12","First-Play","--","8:14:00","","--","","--","","--","","--","","--","--","","Steam","60","","2024-11-08 17:41:27","2024-11-11 21:54:59"
"Mega Man","Emulated","","","","","","","X","","","","2023-12-04","First-Play","--","1:17:00","","--","","--","","--","","--","","--","--","NES / PC","Direct Download","50","","2023-12-04 12:18:16","2023-12-04 12:19:20"
"Metal Gear Rising: Revengeance","PC","","","","","","","X","","","2025-06-07","2025-06-13","First-Play","--","7:26:00","Playtime in game: 3:56:28 - Normal","10:25:00","Playtime in game: 5:40:28 - Normal - DLC","--","","--","","--","","--","--","","Steam","70","","2025-06-07 18:06:33","2025-07-16 12:37:25"
"Metal Gear Solid","Emulated","","","","","","","X","","","","2023-09-11","First-Play","--","9:03:00","Otacon Ending","--","","--","","--","","--","","--","--","PS1 / PC","Direct Download","60","","2023-09-11 01:52:43","2023-10-24 12:30:28"
"Metal Gear Solid 2: Substance","Emulated","","","","","","","X","","","","2024-05-15","First-Play","--","13:19:00","","--","","--","","--","","--","","--","--","PS2 / PC","Direct Download","70","","2024-05-01 21:40:34","2024-05-15 12:29:29"
"Metal Gear Solid 3: Subsistence","Emulated","","","","","","","X","","","","2024-07-17","First-Play","--","15:25:00","","--","","--","","--","","--","","--","--","PS2 / PC","Direct Download","70","","2024-07-03 18:42:12","2024-07-17 12:39:10"
"Metal Gear Solid 4: Guns of the Patriots","Emulated","","","","","","","X","","","2025-02-16","2025-03-10","First-Play","--","18:41:00","Playtime in game: 14:54:22 - Rank: Eagle - Yes, the game crashed a lot.","--","","--","","--","","--","","--","--","PS3 / PC","Direct Download","80","","2025-02-16 16:34:47","2025-03-24 05:49:02"
"Metal Gear Solid V: Ground Zeroes","PC","","","","","","","X","","","2025-06-13","2025-06-14","First-Play","--","1:49:00","Completion Date: 13.06.2025","6:15:00","Completed All Missions","--","","--","","--","","--","--","","Steam","70","","2025-06-13 19:42:35","2025-06-14 19:20:21"
"Metal Gear Solid V: The Phantom Pain","PC","","","","","","","X","","","2025-06-15","2025-07-30","First-Play","--","--","","82:47:00","Overall Completion 74% -Main Ops 50/50 - Extra Ops 157/157","--","","--","","--","","--","--","","Steam","60","","2025-06-15 14:42:05","2025-07-30 19:53:32"
"Metal Gear Solid Δ: Snake Eater","PC","","","","","","","X","","","2025-08-27","2025-08-28","First-Play","--","5:54:00","Rank: Panther","--","","--","","--","","--","","--","--","","Steam","70","","2025-08-27 08:10:53","2025-08-27 23:07:59"
"Metal Gear Solid: Peace Walker","Emulated","","","","","","","X","","","2025-03-22","2025-04-24","First-Play","--","24:35:00","Credits Completion Time: 16:56:00 Completion Date: 13.04.2025 - Real Ending Completion Date: 16.04.2025","47:37:00","Main Ops 33/33 - Extra Ops 128/128 - Outer Ops 72/72","--","","--","","--","","--","--","PSP / PC","Direct Download","80","","2025-03-22 05:16:34","2025-04-24 09:16:36"
"Metal Slug","PC","","","","","","","X","","","","2024-05-04","Replay","--","00:42:00","Autofire: ON Contınue: 25","--","","--","","--","","--","","--","--","","Steam","50","","2024-05-04 19:20:11","2024-06-25 02:10:41"
"Metal Slug 2","PC","","","","","","","X","","","","2024-05-05","Replay","--","00:48:00","Autofire: ON Contınue: 27","--","","--","","--","","--","","--","--","","Steam","60","","2024-05-05 20:49:39","2024-05-06 17:29:34"
"Metal Slug 3","PC","","","","","","","X","","","","2024-05-06","Replay","--","1:03:00","Autofire: ON Contınue: 41","--","","--","","--","","--","","--","--","","Steam","50","","2024-05-06 17:28:14","2024-06-25 02:10:34"
"Metal Slug 4","Emulated","","","","","","","X","","","","2024-05-08","First-Play","--","00:55:00","Autofire: ON Contınue: 37","--","","--","","--","","--","","--","--","Neo Geo MVS / PC","Direct Download","50","","2024-05-07 23:35:15","2024-11-04 17:30:55"
"Metal Slug 5","Emulated","","","","","","","X","","","","2024-05-09","First-Play","--","00:39:00","Autofire: ON Contınue: 26","--","","--","","--","","--","","--","--","Neo Geo AES / PC","Direct Download","50","","2024-05-08 23:00:40","2024-11-04 17:30:59"
"Metal Slug 6","Emulated","","","","","","","X","","","","2024-05-10","First-Play","--","00:59:00","Autofire: ON Contınue: 42","--","","--","","--","","--","","--","--","PS2 / PC","Direct Download","40","","2024-05-09 22:18:24","2024-05-09 23:25:02"
"Metal Slug XX","PC","","","","","","","X","","","","2024-05-11","First-Play","--","00:58:00","Autofire: ON Contınue: 54","--","","--","","--","","--","","--","--","","Steam","50","","2024-05-10 23:24:23","2024-06-25 02:10:19"
"Metroid Dread","Nintendo Switch","","","","","","","X","","","","2022-08-28","First-Play","--","--","","7:38:30","","--","","--","","--","","--","--","","Physical","50","","2022-08-13 04:44:22","2023-07-09 11:21:22"
"Metroid: Zero Mission","Emulated","","","","","","","X","","","","2024-02-15","First-Play","--","--","","8:02:00","Object completion : 58%","--","","--","","--","","--","--","GBA / PC","Direct Download","60","","2024-02-12 14:53:59","2024-02-15 16:34:40"
"Midnight Club: Street Racing","Emulated","","","","","","","X","","","2025-10-04","2025-10-17","First-Play","--","6:42:00","","--","","--","","--","","--","","--","--","PS2 / PC","Direct Download","50","","2025-10-03 22:03:49","2025-10-17 06:44:03"
"Minecraft","PC","","","X","","","","X","","","0000-02-03","2026-02-09","Replay","--","--","","38:31:00","1.21.11 - Co-Op - Hard","--","","--","","--","","--","--","1.21.11","Microsoft Store","0","","2026-02-08 22:26:00","2026-02-08 22:30:33"
"Minecraft","PC","","","","","","","X","","","","2023-06-15","Replay","--","6:18:00","1.20.1 - Co-op - Normal","--","","--","","--","","--","","--","--","1.20.1","Microsoft Store","80","","2023-06-14 21:11:52","2026-02-08 22:29:48"
"MiSide","PC","","","","","","","X","","","2025-02-02","2025-02-02","First-Play","--","--","","3:54:00","All 3 endings","--","","--","","--","","--","--","","Direct Download","60","","2025-02-02 00:24:29","2025-02-02 23:49:43"
"Monster Hunter 4 Ultimate","Emulated","X","","","","","","","","","2026-01-02","","","42:31:00","--","","--","","--","","--","","--","","--","--","3DS / PC","Direct Download","60","","2026-01-04 23:32:50","2026-02-12 11:04:52"
"Monster Hunter Rise","PC","","","","","","","X","","","","2022-01-28","First-Play","--","30:24:34","","--","","--","","--","","--","","--","--","","Steam","90","","2022-01-28 20:04:10","2025-01-03 19:41:20"
"Monster Hunter: Wilds","PC","","","","","","","X","","","2025-02-28","2025-03-10","First-Play","--","12:01:00","Credits - Completion Date: 03.03.2025","33:56:00","Completed Chapter 6","--","","--","","--","","--","--","","Steam","70","","2025-02-28 08:37:59","2025-04-12 23:11:52"
"Mortal Kombat: Shaolin Monks","Emulated","","","","","","","X","","","2025-12-01","2026-02-27","First-Play","--","12:51:00","Co-op","--","","--","","--","","--","","--","--","PS2 / PC","Direct Download","50","","2026-01-01 11:47:23","2026-02-27 00:30:16"
"Mullet Madjack","PC","","","","","","","X","","","2025-03-13","2025-03-14","First-Play","--","2:30:00","Beaten on the 'recommended' difficulty","--","","--","","--","","--","","--","--","","Xbox Game Pass","50","","2025-03-13 22:34:38","2025-03-13 22:40:54"
"Muse Dash","PC","","","","","","","X","","","","2019-11-12","First-Play","29:01:00","20:48:00","","29:01:00","","--","","--","","--","","--","--","","Steam","60","","2021-07-19 20:38:26","2024-12-11 23:17:52"
"New Super Mario Bros. U Deluxe","Nintendo Switch","","","","","","","X","","","","2023-07-24","First-Play","30:00:00","30:00:00","Mario U Only, All Star Coins, All Optional Levels (including Superstar Road)","--","","--","","--","","--","","--","--","","Physical","70","","2022-05-26 21:51:10","2023-07-24 03:14:07"
"New Super Mario Bros. Wii","Emulated","","","","","","","X","","","2025-12-17","2025-12-23","First-Play","--","6:26:00","Co-op - We took multiple shortcuts.","--","","--","","--","","--","","--","--","Wii / PC","Direct Download","50","","2025-12-17 18:22:02","2026-02-13 12:40:28"
"Nientum - Op.ZERO","PC","","","","","X","","X","","","2025-11-24","2025-11-26","First-Play","--","2:10:00","Early access - ACT 5 - 11.26.2025","--","","--","","--","","--","","--","--","","Steam","60","","2025-11-24 19:17:42","2025-11-26 06:31:42"
"NiGHTS into Dreams...","Emulated","","","","","","","X","","","2024-11-13","2025-12-15","First-Play","--","1:19:00","Not enough ranking to unlock final levels - 11.13.2024","4:48:00","Twin Seeds completed as Both characters","--","","--","","--","","--","--","SS / PC","Direct Download","60","","2024-11-13 19:01:01","2025-12-15 12:11:20"
"Nights: Journey of Dreams","Emulated","","","","","","","X","","","2024-11-14","2024-11-15","First-Play","--","3:28:00","Helen missions all C or above","--","","--","","--","","--","","--","--","Wii / PC","Direct Download","50","","2024-11-14 03:44:03","2024-11-15 07:34:13"
"Ninja Gaiden","Emulated","","","","","","","X","","","","2022-02-09","First-Play","--","00:56:44","","--","","--","","--","","--","","--","--","NES / PC","Direct Download","50","","2022-02-09 16:12:14","2025-01-10 20:51:56"
"Ninja Gaiden 2 Black","PC","","","","","","","X","","","2025-02-15","2025-02-20","First-Play","--","9:09:00","","--","","--","","--","","--","","--","--","","Xbox Game Pass","60","","2025-02-15 19:30:55","2025-02-20 19:09:02"
"Ninja Gaiden 3: Razor's Edge","PC","","","","","","","X","","","2025-02-21","2025-02-24","First-Play","2:32:00","9:31:00","","--","","--","","--","","--","","--","--","","Xbox Game Pass","50","","2025-02-21 17:05:25","2025-02-24 18:27:38"
"Ninja Gaiden 4","PC","","","","","","","X","","","2025-10-21","2025-10-23","First-Play","--","13:19:00","","--","","--","","--","","--","","--","--","","Xbox Game Pass","60","","2025-10-21 02:30:25","2025-10-23 12:41:28"
"Ninja Gaiden Black","Emulated","","","","","","","X","","","2025-01-25","2025-02-12","First-Play","--","15:51:00","","--","","--","","--","","--","","--","--","Xbox / PC","Direct Download","50","","2025-01-24 22:33:40","2025-02-12 06:16:25"
"No More Heroes","PC","","","","","","","X","","","","2024-03-15","First-Play","--","--","","10:53:00","Real Ending","--","","--","","--","","--","--","","Steam","70","","2024-03-09 03:17:44","2024-03-15 01:51:11"
"No More Heroes 2: Desperate Struggle","PC","","","","","","","X","","","","2024-03-22","First-Play","--","--","","7:13:00","","--","","--","","--","","--","--","","Steam","80","","2024-03-21 16:08:13","2024-03-21 22:08:32"
"No More Heroes III","PC","","","","","","","X","","","","2024-03-26","First-Play","--","--","","11:55:00","","--","","--","","--","","--","--","","Xbox Game Pass","60","","2024-03-22 14:31:00","2024-03-25 22:20:11"
"No Time To Explain","PC","","","","","","","X","","","2024-11-14","2024-11-15","First-Play","--","2:02:00","Finished Story","--","","--","","--","","--","","--","--","","Steam","50","","2024-11-14 06:36:06","2024-11-30 01:41:07"
"ŌKAMI","PC","","","","","","","X","","","2024-12-14","2025-01-10","First-Play","--","26:54:38","ŌKAMI HD","--","","--","","--","","--","","--","--","","Steam","70","","2025-01-10 04:37:35","2025-01-10 04:38:35"
"Oni","Emulated","","","","","","","","X","Motion sickness / PS2 version","","","","00:21:00","--","","--","","--","","--","","--","","--","--","PS2 / PC","Direct Download","0","","2024-04-22 04:24:31","2024-10-20 16:58:09"
"Onimusha 2: Samurai's Destiny","Emulated","","","","","","","X","","","2025-09-14","2025-09-26","First-Play","--","--","","10:05:00","","--","","--","","--","","--","--","PS2 / PC","Direct Download","60","","2025-09-14 18:40:17","2025-09-26 00:51:18"
"Onimusha Blade Warriors","Emulated","","","","","","","X","","","2025-10-02","2025-10-02","First-Play","--","00:53:00","Beat with Samanosuke","--","","--","","--","","--","","--","--","PS2 / PC","Direct Download","50","","2025-10-02 13:58:06","2025-10-02 13:59:40"
"Onimusha: Warlords","Emulated","","","","","","","X","","","2025-01-10","2025-01-15","First-Play","--","6:11:00","","--","","--","","--","","--","","--","--","PS2 / PC","Direct Download","60","","2025-01-10 04:30:42","2025-01-15 15:33:58"
"Operation: Tango","PC","","","","","","","X","","","","2022-01-06","First-Play","--","4:00:00","","--","","--","","--","","--","","--","--","","Steam","60","","2022-01-05 21:14:53","2022-05-26 21:39:19"
"Orcs Must Die! 3","PC","","","","","","","X","","","","2024-05-24","First-Play","--","5:18:00","Co-op Main Story","--","","--","","--","","--","","--","--","","Xbox Game Pass","50","","2024-05-24 19:42:45","2024-05-24 19:43:48"
"Ori and the Blind Forest: Definitive Edition","PC","","","","","","","X","","","","2024-02-26","First-Play","--","6:49:09","77%","--","","--","","--","","--","","--","--","","Steam","50","Don't care about the side content in the first 2 hours, come back when a few features are unlocked, otherwise the character is incredibly boring at the beginning of the game. and the game becomes unbearable","2024-02-22 05:02:06","2024-06-20 18:17:11"
"Ori and the Will of the Wisps","PC","","","","","","","X","","","","2024-06-20","First-Play","11:24:00","11:24:00","%54","--","","--","","--","","--","","--","--","","Steam","60","","2024-06-10 18:07:39","2024-06-20 18:16:12"
"Outcore: Desktop Adventure","PC","","","","","","","X","","","","2023-07-28","First-Play","2:54:00","2:54:00","","--","","--","","--","","--","","--","--","","Steam","60","","2023-07-24 15:46:50","2024-10-05 00:35:06"
"Outward","PC","","","","","","","X","","","","2024-09-13","First-Play","--","18:30:00","Co-op, Blue Chamber","--","","--","","--","","--","","--","--","","Steam","50","","2024-09-13 01:38:36","2025-01-03 19:46:45"
"P.N.03","Emulated","","","","","","","","X","Clunky gameplay","2025-03-16","","","00:16:00","--","","--","","--","","--","","--","","--","--","NGC / PC","Direct Download","0","","2025-03-16 18:48:49","2025-03-16 18:51:58"
"Papers, Please","PC","","","","","","","X","","","","2024-05-20","Replay","--","3:44:41","Ending : 20","--","","--","","--","","--","","--","--","","Steam","70","","2024-05-20 20:35:59","2024-05-20 20:37:26"
"Payday 3","PC","","","","","","","X","","","","2023-09-25","First-Play","--","10:47:00","Co-op - Finished all 8 missions on normal mode (Game Version 1.0.0.0.624677)","--","","--","","--","","--","","--","--","","Xbox Game Pass","50","","2023-09-24 23:11:01","2025-01-03 19:46:15"
"PEAK","PC","","","","","","","X","","","2025-06-24","2025-06-25","First-Play","--","9:40:00","4 Player","--","","--","","--","","--","","--","--","","Steam","60","","2025-06-25 03:25:15","2025-06-26 06:59:24"
"Persona 5 Royal","Nintendo Switch","","","","","","","X","","","2022-10-26","2025-10-30","First-Play","--","89:50:00","Main story Beaten + Maruki part unlocked but not played - 30.10.2025","--","","--","","--","","--","","--","--","","Nintendo eShop","60","The game is very long, and I realized that I needed to play such a long game on the Nintendo Switch, because I could only finish it in 1100 days. For this reason, my enjoyment of the game decreased incredibly. I didn't play the Royal part for the same reason, and it's very sad to sacrifice such a good game in such a ridiculous way.","2025-11-18 05:47:30","2025-11-18 05:48:24"
"Phantasy Star Online: Blue Burst","PC","","","","","","","X","","","2025-11-16","2026-01-09","First-Play","--","89:12:00","All Episodes - FOnewearl LvL 51","--","","--","","--","","--","","--","--","Ephinea","Direct Download","70","","2026-01-01 11:42:27","2026-01-08 21:02:55"
"PICO PARK","PC","","","","","","","X","","","","2021-09-08","First-Play","1:55:55","1:55:55","Co-op","--","","--","","--","","--","","--","--","","Steam","20","","2021-09-08 20:31:29","2025-01-03 19:44:36"
"Pikmin","Emulated","","","","","","","X","","","2024-09-16","2024-09-20","First-Play","--","--","","8:22:00","30/30 Ship Parts","--","","--","","--","","--","--","NGC / PC","Direct Download","60","","2024-09-16 21:31:35","2024-10-30 12:29:52"
"Pitfall!","Emulated","","","","","","","X","","","2025-01-04","2025-01-04","First-Play","--","00:35:00","","--","","--","","--","","--","","--","--","Atari 2600 / PC","Direct Download","50","","2025-01-03 22:19:49","2025-01-03 22:21:35"
"Pocket Fighter","Emulated","","","","","","","X","","","2025-10-10","2025-10-10","First-Play","--","00:30:00","Beat with Sakura","--","","--","","--","","--","","--","--","PS1 / PC","Direct Download","50","","2025-10-10 20:53:16","2025-10-10 20:54:01"
"Pokémon Brilliant Diamond and Shining Pearl","Nintendo Switch","","","","","","","X","","","","2022-07-18","First-Play","--","32:57:00","","33:26:00","","--","","--","","--","","--","--","","Physical","70","","2022-07-18 16:40:32","2023-04-04 04:02:17"
"Pokémon Legends: Arceus","Nintendo Switch","","","","","","","X","","","","2022-12-24","First-Play","--","22:21:00","","22:35:00","","--","","--","","--","","--","--","","Physical","60","","2022-12-24 02:45:12","2023-04-04 04:10:13"
"Poppy Playtime","PC","","","","","","","X","","","","2022-07-16","First-Play","00:48:00","00:48:00","","--","","--","","--","","--","","--","--","","Steam","20","","2022-07-16 19:27:20","2023-05-09 23:00:27"
"Portal","PC","","","","","","","X","","","","2020-01-23","Replay","--","2:51:00","","5:48:00","","--","","--","","--","","--","--","","Steam","60","","2023-03-23 22:54:37","2023-06-05 21:10:44"
"Portal","PC","","","X","","","","X","","","","2023-03-24","Replay","--","1:42:00","","--","","--","","--","","--","","--","--","","Steam","0","","2023-06-05 21:21:39","2023-09-12 18:00:42"
"Portal","PC","","","X","","","","X","","","","2024-01-17","Replay","--","1:42:00","","--","","--","","--","","--","","--","--","","Steam","0","","2024-01-17 20:02:42","2024-01-17 20:04:47"
"Portal","PC","","","X","","","","X","","","","2024-01-21","Replay","--","00:48:00","","--","","--","","--","","--","","--","--","","Steam","0","","2024-01-21 19:15:37","2024-01-21 19:15:56"
"Portal","PC","","","X","","","","X","","","","2024-01-22","Replay","--","00:45:00","","--","","--","","--","","--","","--","--","","Steam","0","","2024-01-22 18:55:12","2024-01-22 18:55:24"
"Portal","PC","","","X","","","","X","","","2025-02-16","2025-02-16","Replay","--","1:05:00","Portal with RTX","--","","--","","--","","--","","--","--","","Steam","0","","2025-02-16 18:40:36","2025-02-16 18:41:21"
"Portal","PC","","","X","","","","X","","","2025-12-12","2025-12-12","Replay","--","1:10:00","","--","","--","","--","","--","","--","--","","Steam","0","","2025-12-11 23:59:21","2025-12-11 23:59:40"
"Portal","PC","","","X","","","","X","","","2025-12-17","2025-12-17","Replay","--","00:48:00","","--","","--","","--","","--","","--","--","","Steam","0","","2025-12-18 01:43:14","2025-12-18 01:43:46"
"Portal","PC","","","X","","","","X","","","2025-12-18","2025-12-18","Replay","--","1:02:00","","--","","--","","--","","--","","--","--","","Steam","0","","2025-12-18 20:47:59","2025-12-18 20:48:23"
"Portal 2","PC","","","","","","","X","","","","2023-03-20","Replay","--","4:12:00","","--","","--","","--","","--","","--","--","","Steam","100","","2023-03-20 15:53:45","2023-06-15 17:02:58"
"Portal 2: Sixense MotionPack","PC","","","","","","","X","","","","2024-01-13","First-Play","--","00:53:19","vr controller was played","--","","--","","--","","--","","--","--","vr controller was played","Direct Download","40","","2024-01-12 19:04:56","2024-06-25 02:00:55"
"Portal Reloaded","PC","","","","","","","X","","","","2022-12-27","First-Play","--","6:00:00","","8:06:00","Single +  Co-op","--","","--","","--","","--","--","","Steam","60","","2022-12-27 20:42:57","2025-01-03 19:44:48"
"Portal Stories: Mel","PC","","","","","","","X","","","","2023-06-14","First-Play","5:19:00","5:19:00","","--","","--","","--","","--","","--","--","","Steam","60","","2023-06-14 12:20:14","2023-06-14 12:22:07"
"Portal Stories: VR","PC VR","","","","","","","X","","","","2023-06-18","First-Play","00:33:00","00:33:00","","--","","--","","--","","--","","--","--","","Steam","40","","2023-06-18 17:12:38","2024-06-25 02:01:00"
"Portal: Revolution","PC","","","","","","","X","","","","2024-01-13","First-Play","--","4:36:00","","--","","--","","--","","--","","--","--","","Steam","60","","2024-01-12 16:09:37","2024-01-13 17:52:29"
"Portal: The Flash Version","Browser","","","","","","","X","","","","2023-05-28","First-Play","1:08:34","1:08:34","","--","","--","","--","","--","","--","--","","","40","","2023-05-28 07:38:59","2024-06-25 02:01:07"
"Portal: The Flash Version MapPack","PC","","","","","","","X","","","","2023-06-05","First-Play","--","2:16:00","","--","","--","","--","","--","","--","--","","Steam","50","","2023-06-05 16:38:05","2023-08-15 18:28:16"
"Postal Redux","PC","","","","","","","X","","","","2022-09-06","First-Play","3:59:00","3:59:00","Co-op","--","","--","","--","","--","","--","--","","Steam","30","","2022-09-05 22:36:31","2025-01-03 19:45:26"
"Prince of Persia: The Lost Crown","PC","","","","","","","X","","","2025-11-24","2026-01-12","First-Play","--","20:24:00","66.5% Completion.","--","","--","","--","","--","","--","--","","Steam","60","","2026-01-01 11:44:21","2026-01-12 08:33:52"
"Princess Maker 2","Emulated","","","","","","","X","","","","2024-07-13","First-Play","--","4:47:00","Bandit Ending","--","","--","","--","","--","","--","--","DOS / PC","Direct Download","70","","2024-07-13 02:32:14","2024-07-13 02:34:25"
"Princess Maker 2 Refine","PC","","","","","","","X","","","","2020-02-07","First-Play","--","6:22:00","Dancer Ending","--","","--","","--","","--","","--","--","","Direct Download","70","","2021-07-19 21:05:28","2024-07-13 02:31:01"
"Princess Maker 4","Emulated","","","","","","","X","","","2025-07-11","2025-07-15","First-Play","--","2:48:00","","--","","--","","--","","--","","--","--","PS2 / PC","Direct Download","50","","2025-07-11 21:37:04","2025-07-15 06:26:57"
"Princess Maker Refine","PC","","","","","","","X","","","","2024-08-19","First-Play","--","2:14:00","Noblewoman 1 (Baroness) Ending","--","","--","","--","","--","","--","--","","Direct Download","50","","2024-08-18 22:55:31","2024-08-19 16:50:55"
"Princess Maker: Faery Tales Come True","PC","","","","","","","X","","","","2024-08-23","First-Play","--","1:36:00","Teacher Ending","--","","--","","--","","--","","--","--","","Direct Download","40","","2024-08-23 18:27:10","2024-08-23 18:27:59"
"PuLiRuLa","Emulated","","","","","","","X","","","2025-01-10","2025-01-10","First-Play","--","00:36:00","","--","","--","","--","","--","","--","--","PS1 / PC","Direct Download","30","","2025-01-10 20:10:52","2025-01-10 20:50:37"
"Puyo Puyo Tetris","PC","","","","","","","X","","","","2023-08-10","First-Play","14:57:00","14:57:00","1-7","--","","--","","--","","--","","--","--","","Steam","50","","2023-08-10 15:09:46","2023-08-15 18:28:03"
"Puzzle Bobble","Emulated","","","","","","","X","","","2024-10-27","2024-10-28","First-Play","--","1:04:52","30 Stages","--","","--","","--","","--","","--","--","Neo Geo MVS / PC","Direct Download","50","","2024-10-27 21:13:21","2024-11-04 17:31:02"
"Q.U.B.E.: Director's Cut","PC","","","","","","","X","","","","2023-06-30","First-Play","2:40:00","2:40:00","","--","","--","","--","","--","","--","--","","Steam","50","","2023-06-29 22:22:10","2023-12-15 09:17:04"
"R4: Ridge Racer Type 4","Emulated","","","","","","","X","","","2025-03-24","2025-03-24","First-Play","--","1:15:00","","--","","--","","--","","--","","--","--","PS1 / PC","Direct Download","60","","2025-03-24 12:47:47","2025-03-24 12:48:30"
"Rage Racer","Emulated","","","","","","","","X","I played until class 4 track 3 but I couldn't stand it anymore the game's drift logic is broken","2024-12-10","","","4:46:00","--","","--","","--","","--","","--","","--","--","PS1 / PC","Direct Download","30","","2024-12-11 11:48:15","2024-12-11 13:40:44"
"Reanimal","PC","","","","","","","X","","","2026-03-20","2026-03-22","First-Play","--","4:27:00","Co-op","--","","--","","--","","--","","--","--","","Direct Download","50","","2026-03-21 22:29:46","2026-03-21 22:30:33"
"Record of Lodoss War: Deedlit in Wonder Labyrinth","PC","","","","","","","X","","","","2021-09-01","First-Play","8:22:00","--","","8:22:06","","--","","--","","--","","--","--","","Steam","60","","2021-07-19 21:16:11","2025-06-19 20:33:01"
"Resident Evil 4","PC","","","","","","","X","","","","2023-06-25","First-Play","15:14:00","15:14:00","","--","","--","","--","","--","","--","--","","Steam","70","","2023-05-09 22:45:29","2023-06-25 06:33:48"
"Resident Evil 4: Assignment Ada","PC","","","","","","","X","","","","2023-06-27","First-Play","--","--","","00:54:00","","--","","--","","--","","--","--","","Steam","50","","2023-06-27 16:27:09","2023-12-15 09:16:53"
"Resident Evil 4: Separate Ways","PC","","","","","","","X","","","","2023-06-26","First-Play","--","--","","3:52:06","","--","","--","","--","","--","--","","Steam","50","","2023-06-26 14:18:49","2025-02-02 19:19:55"
"Resident Evil 5","PC","","","","","","","X","","","","2024-06-26","First-Play","4:52:00","11:08:00","Co-op","--","","--","","--","","--","","--","--","","Steam","50","","2024-06-08 22:07:24","2025-01-03 19:46:23"
"Resident Evil 5: Desperate Escape","PC","","","","","","","X","","","","2024-07-07","First-Play","--","00:27:00","Co-op","--","","--","","--","","--","","--","--","","Steam","50","","2024-07-06 23:50:06","2025-01-03 19:44:04"
"Resident Evil 5: Lost In Nightmares","PC","","","","","","","X","","","","2024-06-26","First-Play","--","00:51:00","Co-op","--","","--","","--","","--","","--","--","","Steam","50","","2024-06-26 00:05:23","2025-01-03 19:44:11"
"Resident Evil 6","PC","","","","","","","","X","coop friend left the game","","","","8:00:00","--","","--","","--","","--","","--","","--","--","","Steam","50","","2024-07-07 15:34:24","2025-02-09 01:19:47"
"Resident Evil Requiem","PC","","","","","","","X","","","2026-02-27","2026-03-10","First-Play","7:36:00","14:39:00","Standard difficulty - Good Ending","--","","--","","--","","--","","--","--","","Steam","70","","2026-02-27 07:24:45","2026-03-10 10:29:41"
"Resident Evil Village","PC","","","","","","","X","","","","2021-05-12","First-Play","--","9:25:00","","--","","--","","--","","--","","--","--","","Steam","60","","2021-07-19 21:15:37","2022-05-26 21:45:32"
"Rexaura","PC","","","","","","","X","","","","2023-06-05","First-Play","3:19:00","3:19:00","","--","","--","","--","","--","","--","--","","Steam","50","","2023-06-05 15:41:17","2023-08-15 18:31:44"
"Rez Infinite","PC VR","","","","","","","X","","","2025-12-28","2025-12-28","First-Play","--","1:41:00","","--","","--","","--","","--","","--","--","","Direct Download","60","","2025-12-28 04:57:31","2025-12-28 05:03:02"
"Ridge Racer","Emulated","","","","","","","X","","","2024-12-05","2024-12-06","First-Play","--","1:07:00","1st on 4 Tracks, No extra","--","","--","","--","","--","","--","--","PS1 / PC","Direct Download","60","","2024-12-05 11:22:04","2024-12-23 08:06:06"
"Ridge Racer 2","Emulated","","","","","","","X","","","2024-12-08","2024-12-08","First-Play","--","--","","1:03:51","I finished 1st in 4 races","--","","--","","--","","--","--","Namco System 22 / PC","Direct Download","60","","2024-12-08 15:32:42","2024-12-08 15:35:34"
"Ridge Racer Revolution","Emulated","","","","","","","X","","","2024-12-09","2024-12-10","First-Play","--","1:11:00","No Extra Course","--","","--","","--","","--","","--","--","PS1 / PC","Direct Download","50","","2024-12-10 08:16:39","2024-12-10 09:16:05"
"Risk of Rain 2","PC","","","","","","","X","","","","2021-10-09","First-Play","--","41:40:00","","--","","--","","--","","--","","--","--","","Steam","80","","2021-10-09 01:19:03","2025-01-03 19:41:11"
"Risk of Rain Returns","PC","","","","","","","X","","","","2023-11-12","First-Play","5:11:00","5:11:00","Damage 200% - 10% Rainstorm - Bandit","--","","--","","--","","--","","--","--","","Steam","50","","2023-11-12 14:27:27","2023-11-12 15:31:03"
"Rocket Knight Adventures","Emulated","","","","","","","X","","","2025-03-27","2025-03-28","First-Play","--","1:38:00","","--","","--","","--","","--","","--","--","SMD / PC","Direct Download","60","","2025-03-27 18:19:31","2025-03-28 15:57:56"
"Rockstar Games Presents Table Tennis","Emulated","","","","","","","X","","","","2024-07-25","First-Play","--","1:03:00","Tourment - Easy Completed","--","","--","","--","","--","","--","--","X360 / PC","Steam","50","","2024-07-24 22:13:47","2024-11-04 17:24:32"
"Romeo is a Dead Man","PC","","","","","","","X","","","2026-02-11","2026-02-18","First-Play","--","--","","16:24:00","","--","","--","","--","","--","--","","Steam","60","","2026-02-11 19:06:31","2026-02-18 16:37:33"
"Sam & Dan: Floaty Flatmates","PC VR","","","","","","","X","","","","2022-03-16","First-Play","--","1:18:00","Co-op","--","","--","","--","","--","","--","--","","Steam","20","","2022-03-15 21:40:05","2025-01-03 19:44:20"
"Save Room - Organization Puzzle","PC","","","","","","","X","","","","2022-06-17","First-Play","1:53:00","1:53:00","","--","","--","","--","","--","","--","--","","Steam","60","","2022-06-17 18:35:18","2022-06-17 18:35:50"
"SCP - Containment Breach","PC","","","","","","","X","","","","2021-05-28","First-Play","3:00:00","3:00:00","Co-op","--","","--","","--","","--","","--","--","","Direct Download","20","","2021-07-19 21:13:59","2025-01-03 19:45:07"
"Secret of Mana","Emulated","","","","","","","","X","Combat is boring.","2026-01-19","","","1:45:00","--","","--","","--","","--","","--","","--","--","SNES / PC","Direct Download","0","","2026-01-19 12:43:01","2026-01-19 12:44:13"
"Sega Rally Championship","Emulated","","","","","","","X","","","2025-12-11","2025-12-15","First-Play","--","1:52:00","Normal difficulty (extra stage excluded).","--","","--","","--","","--","","--","--","PS2 / PC","Direct Download","60","","2025-12-15 05:59:52","2025-12-15 06:04:50"
"Sekiro: Shadows Die Twice","PC","","","","","","","X","","","","2024-07-03","First-Play","--","--","","22:47:27","Purification Ending - Main Boss 17/17 - Vitality 17","--","","--","","--","","--","--","","Steam","90","","2022-08-29 18:49:58","2025-04-08 20:48:14"
"Senua's Saga: Hellblade II","PC","","","","","","","X","","","","2024-05-31","First-Play","--","6:17:00","","--","","--","","--","","--","","--","--","","Xbox Game Pass","30","","2024-05-26 17:41:33","2024-05-31 08:37:33"
"Serious Sam 2","PC","","","","","","","X","","","","2020-09-17","Replay","11:59:00","11:59:00","","--","","--","","--","","--","","--","--","","Steam","10","","2021-07-19 21:10:33","2023-06-18 10:08:52"
"Severed Steel","PC","","","","","","","X","","","","2022-10-23","First-Play","1:36:00","2:36:00","","--","","--","","--","","--","","--","--","","Steam","60","","2022-10-23 00:11:22","2022-10-23 00:12:16"
"Shantae and the Seven Sirens","PC","","","","","","","X","","","","2023-08-22","First-Play","5:22:00","--","","8:01:02","Definitive mode, 78% item collection","--","","--","","--","","--","--","","Steam","70","","2023-08-09 00:35:13","2023-08-22 09:48:51"
"Shantae: Half-Genie Hero","PC","","","","","","","X","","","","2024-09-02","First-Play","--","4:08:41","67% item collection","--","","--","","--","","--","","--","--","","Steam","70","","2024-08-31 23:58:20","2024-09-02 13:58:43"
"Shape of Dreams","PC","","","","","","","X","","","2025-09-19","2025-09-23","First-Play","--","12:03:00","First Run Cleared.","--","","--","","--","","--","","--","--","","Steam","60","","2025-09-19 05:21:20","2025-09-26 00:51:51"
"Sifu","PC","","","","","","","X","","","","2023-11-13","First-Play","7:54:00","7:54:00","The Club 22 Age – The Museum 26 Age – The Tower 28 Age – The Sanctuary 41 Age - Final 60 Years old","--","","--","","--","","--","","--","--","","Steam","80","","2023-11-11 20:22:00","2023-11-13 13:46:25"
"Silent Hill 2","Emulated","","","","","","","X","","","2024-10-08","2024-10-18","First-Play","--","9:06:00","In Water Ending","--","","--","","--","","--","","--","--","PS2 / PC","Direct Download","60","","2024-10-08 20:47:50","2024-10-30 12:25:08"
"Silent Hill f","PC","","","","","","","X","","","2025-09-25","2025-10-03","First-Play","--","9:25:00","Action: Story Puzzles: Hard - 1st Ending","--","","--","","--","","--","","--","--","","Steam","60","","2025-09-25 08:02:23","2025-10-03 13:28:10"
"Snipperclips Plus","Emulated","","","","","","","X","","","","2024-06-28","First-Play","--","--","","6:21:00","Co-op","--","","--","","--","","--","--","NS / PC","Direct Download","50","","2024-06-27 22:04:37","2025-01-03 19:45:50"
"Solasta: Crown of the Magister","PC","X","","","","","","","","","2026-03-12","","","15:40:00","--","","--","","--","","--","","--","","--","--","","Steam","60","","2026-03-12 19:42:15","2026-03-15 15:56:17"
"Sonic Adventure 2 Battle","Emulated","","","","","","","X","","","2025-11-13","2025-11-20","First-Play","--","--","","8:28:00","Hero, Dark, Last Stories Completed","--","","--","","--","","--","--","NGC / PC","Direct Download","60","","2025-11-13 02:32:36","2025-11-20 12:59:05"
"Sonic Adventure DX","Emulated","","","","","","","X","","","2024-11-10","2024-11-12","First-Play","1:06:00","3:25:00","Sonic story only","--","","--","","--","","--","","--","--","NGC / PC","Direct Download","50","","2024-11-10 15:15:10","2024-11-12 17:26:24"
"Sonic CD","Emulated","","","","","","","X","","","2024-10-29","2024-10-29","First-Play","--","1:22:00","Bad ending","--","","--","","--","","--","","--","--","SMD / PC","Direct Download","40","","2024-10-29 10:52:02","2024-10-30 11:29:29"
"Sonic the Hedgehog","Emulated","","","","","","","X","","","","2024-06-29","First-Play","--","1:44:00","Beaten with No emeralds.","--","","--","","--","","--","","--","--","SMD / PC","Direct Download","40","","2024-06-29 08:26:14","2024-06-29 17:57:17"
"Sonic the Hedgehog 2","Emulated","","","","","","","X","","","","2024-08-13","First-Play","--","2:18:00","1 Emerald","--","","--","","--","","--","","--","--","SMD / PC","Direct Download","40","","2024-08-12 19:28:06","2024-08-13 14:05:35"
"Sonic the Hedgehog 3","Emulated","","","","","","","X","","","2024-10-31","2024-11-01","First-Play","--","2:10:00","Bad Ending","--","","--","","--","","--","","--","--","SMD / PC","Direct Download","50","","2024-10-31 15:48:28","2024-11-01 09:48:53"
"Sonic the Hedgehog 3 & Knuckles","Emulated","","","","","","","X","","","2025-06-22","2025-06-22","First-Play","--","2:05:00","After Sonic 3, from Zone 7 onwards. - Death Egg Ending","--","","--","","--","","--","","--","--","SMD / PC","Direct Download","50","","2025-06-22 04:53:43","2025-06-22 07:23:01"
"Splatoon 2","Nintendo Switch","","","","","","","X","","","","2022-06-26","First-Play","--","5:00:00","","--","","--","","--","","--","","--","--","","Physical","60","","2022-06-25 21:13:47","2023-05-09 22:55:07"
"Split Fiction","PC","","","","","","","X","","","2025-03-06","2025-03-12","First-Play","--","--","","11:57:00","Main Story + Side Stories","--","","--","","--","","--","--","","Steam","70","","2025-03-06 21:44:10","2025-03-12 20:44:16"
"Star Fox","Emulated","","","","","","","X","","","2025-01-28","2025-01-29","First-Play","--","1:08:00","Level 1 Ending","--","","--","","--","","--","","--","--","SNES / PC","Direct Download","50","","2025-01-29 09:25:00","2025-01-29 09:26:25"
"Star Fox 64","Emulated","","","","","","","X","","","2025-01-29","2025-01-29","First-Play","--","1:27:00","","--","","--","","--","","--","","--","--","N64 / PC","Direct Download","50","","2025-01-29 11:46:14","2025-01-29 11:47:11"
"Stellar Settlers: Space Base Builder","PC","","","","","","","X","","","","2024-03-20","First-Play","--","1:36:00","One Run Finish","--","","--","","--","","--","","--","--","","Steam","60","","2024-03-20 19:08:28","2024-03-20 19:08:28"
"Street Fighter","Emulated","","","","","","","X","","","2025-01-01","2025-01-01","First-Play","--","00:50:02","Beat with Ryu","--","","--","","--","","--","","--","--","Capcom Play System / PC","Direct Download","20","","2025-01-01 14:29:14","2025-09-28 18:53:15"
"Street Fighter Alpha 2","Emulated","","","","","","","X","","","2025-09-29","2025-09-29","First-Play","--","00:37:00","Beat with Ryu","--","","--","","--","","--","","--","--","Capcom Play System 2 / PC","Direct Download","50","","2025-09-29 05:00:53","2025-09-29 05:01:18"
"Street Fighter Alpha 3","Emulated","","","","","","","X","","","2025-10-01","2025-10-01","First-Play","--","00:42:00","Beat with Sakura","--","","--","","--","","--","","--","--","PS1 / PC","Direct Download","50","","2025-10-01 12:35:27","2025-10-01 12:37:49"
"Street Fighter Alpha: Warriors' Dreams","Emulated","","","","","","","X","","","2025-09-28","2025-09-28","First-Play","--","00:32:00","Beat with Ryu","--","","--","","--","","--","","--","--","Capcom Play System 2 / PC","Direct Download","50","","2025-09-28 18:50:39","2025-09-28 18:52:45"
"Street Fighter EX Plus Alpha","Emulated","","","","","","","X","","","2025-09-30","2025-09-30","First-Play","--","00:53:00","Beat with Sakura","--","","--","","--","","--","","--","--","PS1 / PC","Direct Download","50","","2025-09-30 05:12:01","2025-10-01 10:43:02"
"Street Fighter EX2 Plus","Emulated","","","","","","","X","","","2025-10-01","2025-10-01","First-Play","--","00:36:00","Beat with Sharon","--","","--","","--","","--","","--","--","PS1 / PC","Direct Download","50","","2025-10-01 10:40:42","2025-10-01 10:42:22"
"Street Fighter EX3","Emulated","","","","","","","X","","","2025-10-01","2025-10-01","First-Play","--","00:32:00","Beat with Ryu","--","","--","","--","","--","","--","--","PS2 / PC","Direct Download","50","","2025-10-01 14:38:16","2025-10-01 14:48:54"
"Street Fighter II","Emulated","","","","","","","X","","","2025-09-27","2025-09-27","First-Play","--","00:48:32","Beat with Ryu","--","","--","","--","","--","","--","--","Capcom Play System / PC","Direct Download","50","","2025-09-27 03:40:24","2025-09-28 18:52:55"
"Street Fighter III: New Generation","Emulated","","","","","","","X","","","2025-10-01","2025-10-01","First-Play","--","00:23:00","Beat with Ryu","--","","--","","--","","--","","--","--","Capcom Play System 2 / PC","Direct Download","60","","2025-10-01 07:05:21","2025-10-01 07:06:41"
"Street Fighter III: Third Strike - Fight for the Future","Emulated","","","","","","","X","","","2025-10-01","2025-10-01","First-Play","--","00:49:00","Beat with Makato","--","","--","","--","","--","","--","--","Capcom Play System 2 / PC","Direct Download","60","","2025-10-01 09:47:50","2025-10-01 09:54:02"
"Street Fighter X Tekken","PC","","","","","","","X","","","2025-10-01","2025-10-01","First-Play","--","00:32:00","Beat with Ryu and Asuka","--","","--","","--","","--","","--","--","","Direct Download","50","","2025-10-01 20:52:45","2025-10-01 20:54:12"
"Street Fighter: The Movie","Emulated","","","","","","","X","","","2025-09-29","2025-09-29","First-Play","--","00:45:00","Beat with Ryu","--","","--","","--","","--","","--","--","PS1 / PC","Direct Download","50","","2025-09-28 22:46:21","2025-09-28 22:47:20"
"Super Mario 3D World + Bowser's Fury","Emulated","","","","","","","X","","","","2024-03-08","First-Play","--","--","","--","","27:01:00","3D World - 380 Green Stars, 81 Stamps (20H 13M) (all except the character icon ones) + 100 Cat Shines (7H 12M)","--","","--","","--","--","NS / PC","Direct Download","60","","2024-02-26 17:15:54","2024-11-04 17:24:59"
"Super Mario 64","Emulated","","","","","","","X","","","","2023-10-01","First-Play","13:03:00","--","","--","","20:23:00","120 Power Stars collected. Special Triple Jump unlocked and defeated Final Bowser","--","","--","","--","--","N64 / PC","Direct Download","70","","2023-09-14 11:22:02","2023-10-24 12:30:55"
"Super Mario Bros.","Emulated","","","","","","","X","","","","2019-03-03","Replay","00:58:00","00:58:00","","--","","--","","--","","--","","--","--","NES / PC","Direct Download","50","","2021-07-19 20:28:50","2023-10-24 12:29:58"
"Super Mario Bros. 2","Emulated","","","","","","","X","","","","2023-11-16","First-Play","--","2:35:00","","--","","--","","--","","--","","--","--","NES / PC","Direct Download","50","","2023-11-16 08:15:32","2023-11-16 13:46:55"
"Super Mario Bros. 3","Emulated","","","","","","","X","","","","2023-11-24","First-Play","--","2:50:00","","--","","--","","--","","--","","--","--","NES / PC","Direct Download","50","","2023-11-23 19:44:15","2024-06-25 02:10:55"
"Super Mario Bros. Wonder","Emulated","","","","","","","X","","","","2023-10-24","First-Play","15:39:00","--","","15:39:00","206 Seeds Ending, All Level Green Tick (No Special World)","22:13:00","6 Medals, 224 Seeds - All 10 Flower Coins, All Level Green Tick, All Badges, All Standees","--","","--","","--","--","NS / PC","Direct Download","80","","2023-10-21 17:53:11","2024-11-04 17:25:17"
"Super Mario Bros.: The Lost Levels","Emulated","","","","","","","X","","","","2023-11-21","First-Play","--","--","","1:46:00","Completed worlds 1-9","--","","--","","--","","--","--","NES / PC","Direct Download","40","","2023-11-21 19:14:47","2024-11-04 17:25:25"
"Super Mario Galaxy","Emulated","","","","","","","X","","","2024-10-14","2024-10-23","First-Play","--","--","","14:51:00","103 stars with Mario","19:10:00","All 120 stars with Mario (Super Luigi Galaxy Not Played)","--","","--","","--","--","Wii / PC","Direct Download","90","","2024-10-13 17:28:16","2025-04-08 20:48:54"
"Super Mario Galaxy 2","Emulated","","","","","","","X","","","2024-11-15","2024-12-14","First-Play","--","--","","14:01:00","103 Stars","24:00:00","242 Stars","--","","--","","--","--","Wii / PC","Direct Download","90","","2024-11-15 08:36:52","2025-04-08 20:51:01"
"Super Mario Land","Emulated","","","","","","","X","","","","2023-05-08","First-Play","--","00:53:00","","--","","--","","--","","--","","--","--","GB / PC","Direct Download","50","","2023-05-07 22:02:28","2024-11-04 17:26:24"
"Super Mario Land 2: 6 Golden Coins","Emulated","","","","","","","X","","","","2024-04-22","First-Play","--","1:39:00","","--","","--","","--","","--","","--","--","GB / PC","Direct Download","50","","2024-04-22 08:33:11","2024-11-04 17:24:52"
"Super Mario Maker 2","Nintendo Switch","","","","","","","X","","","","2019-09-26","First-Play","--","7:16:00","","--","","--","","--","","--","","--","--","","Nintendo eShop","70","","2021-07-19 20:34:41","2025-01-03 19:42:20"
"Super Mario Odyssey","Nintendo Switch","","","","","","","X","","","","2019-03-12","First-Play","--","--","","20:15:00","","--","","--","","--","","--","--","","Nintendo eShop","80","","2021-07-19 20:36:41","2023-10-24 21:05:30"
"Super Mario Sunshine","Emulated","","","","","","","X","","","","2024-06-10","First-Play","--","12:44:00","Beat the game with 60 shines and 77 blue coins","--","","--","","--","","--","","--","--","NGC / PC","Direct Download","60","","2024-05-23 15:04:57","2024-06-10 16:20:12"
"Super Mario World","Emulated","","","","","","","X","","","","2024-04-25","First-Play","--","3:05:00","Exits 47/96","--","","--","","--","","--","","--","--","SNES / PC","Direct Download","60","","2024-04-23 20:09:25","2024-06-25 02:16:20"
"Super Mario World 2: Yoshi's Island","Emulated","","","","","","","X","","","2025-03-16","2025-03-21","First-Play","--","6:41:00","","--","","--","","--","","--","","--","--","SNES / PC","Direct Download","60","","2025-03-16 19:03:52","2025-03-21 19:05:06"
"Super Monkey Ball","Emulated","","","","","","","X","","","2025-06-15","2025-06-15","First-Play","--","00:15:00","Beginner Mode - Completion Date: 15.06.2025","2:19:00","Beginner Mode - Advanced Mode - Expert Mode","--","","--","","--","","--","--","NGC / PC","Direct Download","60","","2025-06-14 20:36:27","2025-06-15 17:45:45"
"Super Smash Bros.","Emulated","","","","","","","X","","","","2024-04-25","First-Play","--","1:06:00","Completed with Mario on Normal.","--","","--","","--","","--","","--","--","N64 / PC","Direct Download","50","","2024-04-25 16:38:48","2024-04-25 16:38:48"
"SUPERHOT","PC","","","","","","","X","","","","2024-07-20","First-Play","--","1:47:00","","--","","--","","--","","--","","--","--","","Steam","60","","2024-07-20 15:22:27","2024-07-20 15:24:13"
"Superliminal","PC","","","","","","","X","","","","2022-12-31","First-Play","1:27:00","1:27:00","","--","","--","","--","","--","","--","--","","Steam","30","","2022-12-31 16:02:51","2023-05-09 23:03:15"
"Sword of the Berserk: Guts' Rage","Emulated","","","","","","","X","","","","2024-01-17","First-Play","--","3:33:00","","--","","--","","--","","--","","--","--","DC / PC","Direct Download","50","","2024-01-15 15:58:44","2024-01-17 14:28:16"
"Tag: The Power of Paint","PC","","","","","","","X","","","","2023-06-30","First-Play","--","00:19:00","","--","","--","","--","","--","","--","--","","Steam","50","","2023-06-29 23:02:59","2023-06-29 23:03:23"
"Tekken","Emulated","","","","","","","X","","","","2023-08-27","First-Play","--","00:50:00","Arcade Mode - Yoshimitsu - Normal difficulty - 2 Round","--","","--","","--","","--","","--","--","PS1 / PC","Direct Download","40","","2023-08-27 12:41:37","2023-10-24 12:28:37"
"Tekken 2","Emulated","","","","","","","X","","","","2023-08-27","First-Play","--","18:00:00","Arcade Mode - Jun - Normal difficulty - 2 Round","--","","--","","--","","--","","--","--","PS1 / PC","Direct Download","40","","2023-08-27 14:27:27","2023-10-24 12:28:26"
"Tekken 3","Emulated","","","","","","","X","","","","2023-08-27","First-Play","--","00:19:00","Arcade Mode - Lei - Normal difficulty - 2 Round","--","","--","","--","","--","","--","--","PS1 / PC","Direct Download","50","","2023-08-27 15:08:27","2023-10-24 12:29:50"
"Tekken 4","Emulated","","","","","","","X","","","","2023-08-27","First-Play","--","00:23:00","Story Mode - Hwoarang - Normal difficulty - 2 Round","--","","--","","--","","--","","--","--","PS2 / PC","Direct Download","40","","2023-08-27 22:19:59","2023-10-24 12:28:17"
"Tekken 5","Emulated","","","","","","","X","","","","2023-08-27","First-Play","--","00:20:00","Story Mode - Steve - Normal difficulty - 2 Round","--","","--","","--","","--","","--","--","PS2 / PC","Direct Download","60","","2023-08-27 22:45:04","2023-10-24 12:30:13"
"Tekken 7","PC","","","","","","","X","","","","2023-07-31","First-Play","--","4:30:00","","6:20:00","Akuma Beaten + All Character Episode","--","","--","","--","","--","--","","Steam","70","","2024-01-26 03:51:24","2024-01-26 03:52:38"
"Tekken 8","PC","","","","","","","X","","","","2024-01-26","First-Play","--","3:28:00","Story Mode - Normal Difficulty","--","","--","","--","","--","","--","--","","Steam","80","","2024-01-26 03:47:36","2024-01-28 05:19:49"
"Tekken Advance","Emulated","","","","","","","X","","","","2024-02-21","First-Play","--","00:14:00","Arcade with Law","--","","--","","--","","--","","--","--","GBA / PC","Direct Download","30","","2024-02-21 04:41:22","2025-01-08 08:11:51"
"Tekken Tag Tournament","Emulated","","","","","","","X","","","","2023-08-27","First-Play","--","00:45:00","Arcade Mode - Bryan and Heihachi - Normal difficulty - 2 Round","--","","--","","--","","--","","--","--","PS2 / PC","Direct Download","60","","2023-08-27 16:07:22","2023-10-24 12:30:06"
"Tekken Tag Tournament 2","Emulated","","","","","","","X","","","","2023-08-28","First-Play","--","00:41:00","Arcade Mode - Lars - Normal difficulty - 2 Round","--","","--","","--","","--","","--","--","X360 / PC","Direct Download","70","","2023-08-28 18:43:47","2024-11-04 17:20:22"
"The Binding of Isaac: Rebirth","PC","","","","","","","X","","","2025-03-31","2025-03-31","First-Play","--","1:30:00","Online +  First win","--","","--","","--","","--","","--","--","","Steam","60","","2025-03-31 00:21:11","2025-03-31 00:22:41"
"The Lab","PC VR","","","","","","","X","","","","2023-05-14","First-Play","00:15:00","1:15:00","","--","","--","","--","","--","","--","--","","Steam","60","","2023-05-14 18:01:18","2023-05-14 18:01:18"
"The Last of Us Part I","PC","","","","","","","X","","","2024-09-29","2024-10-05","First-Play","11:03:00","--","","12:56:00","Main story (11H 3M) + Left Behind (1H 53M)","--","","--","","--","","--","--","","Direct Download","70","","2024-09-29 08:28:07","2024-10-30 12:26:28"
"The Last of Us Part II Remastered","PC","","","","","","","X","","","2025-04-07","2025-05-28","First-Play","--","20:20:00","Main story completed","--","","--","","--","","--","","--","--","","Direct Download","70","","2025-04-06 19:21:09","2025-05-28 13:57:17"
"The Legend of Zelda","Emulated","","","","","","","X","","","2024-08-26","2024-08-31","First-Play","--","6:09:00","","--","","--","","--","","--","","--","--","NES / PC","Direct Download","50","","2024-08-26 21:38:57","2024-10-30 12:31:00"
"The Legend of Zelda: Echoes of Wisdom","Emulated","","","","","","","X","","","2024-09-25","2024-10-01","First-Play","--","19:53:00","","--","","--","","--","","--","","--","--","NS / PC","Direct Download","70","","2024-09-25 13:51:55","2024-11-04 17:24:16"
"The Legend of Zelda: Four Swords Adventures","Emulated","","","","","","","","X","everyone I was playing with already gave up.","2026-03-05","","","4:21:00","--","","--","","--","","--","","--","","--","--","NGC / PC","Direct Download","50","","2026-03-06 03:57:09","2026-03-30 22:21:29"
"The Legend of Zelda: Link's Awakening","Nintendo Switch","","","","","","","X","","","","2022-05-21","First-Play","17:02:00","17:02:00","","--","","--","","--","","--","","--","--","","Physical","50","","2022-05-21 10:44:17","2023-05-09 23:05:23"
"The Legend of Zelda: Skyward Sword HD","Nintendo Switch","","","","","","","X","","","","2022-11-22","First-Play","34:16:00","34:16:00","","--","","--","","--","","--","","--","--","","Physical","70","","2022-10-11 16:02:16","2022-11-22 12:18:36"
"The Messenger","PC","","","","","","","","X","Save Corrupted","","","","6:31:00","--","","--","","--","","--","","--","","--","--","","Steam","60","","2022-12-09 04:16:44","2023-07-04 04:46:22"
"The Room","PC","","","","","","","X","","","","2023-07-09","First-Play","1:46:00","1:46:00","","--","","--","","--","","--","","--","--","","Steam","40","","2023-07-09 11:11:29","2024-06-04 17:23:50"
"The Stanley Parable","PC","","","","","","","X","","","","2021-08-20","Replay","3:52:00","3:52:00","","--","","--","","--","","--","","--","--","","Steam","60","","2021-08-20 14:58:02","2022-10-11 16:25:59"
"The Two of Us","PC","","","","","","","X","","","","2022-01-05","First-Play","--","00:12:00","Co-op","--","","--","","--","","--","","--","--","","Steam","20","","2022-01-04 21:35:46","2025-01-03 19:43:56"
"Thinking with Time Machine","PC","","","","","","","X","","","","2023-05-28","Replay","--","1:16:00","","--","","--","","--","","--","","--","--","","Steam","40","","2023-05-28 06:06:11","2023-12-24 18:38:49"
"Thirsty Suitors","PC","","","","","","","X","","","","2023-11-10","First-Play","4:37:00","--","","6:55:00","","--","","--","","--","","--","--","","Xbox Game Pass","50","","2023-11-07 00:55:45","2024-06-25 02:10:12"
"Tick Tock: A Tale for Two","PC","","","","","","","X","","","","2019-12-24","First-Play","3:25:00","3:25:00","Co-op","--","","--","","--","","--","","--","--","","Steam","50","","2021-07-19 20:39:24","2025-01-03 19:45:17"
"Titanfall 2","PC","","","","","","","X","","","","2023-12-03","First-Play","--","3:40:00","","--","","--","","--","","--","","--","--","","Xbox Game Pass","80","","2023-12-02 06:57:37","2025-10-26 16:39:38"
"To the Moon","PC","","X","","","","","","","","","","","--","--","","--","","--","","--","","--","","--","--","","Steam","0","","2023-07-12 00:46:15","2024-01-12 19:05:41"
"Toilet Chronicles","PC","","","","","","","X","","","","2022-07-26","First-Play","1:06:00","--","","--","","1:06:00","","--","","--","","--","--","","Steam","10","","2022-07-26 20:52:46","2023-05-09 22:59:24"
"Tokyo Xtreme Racer 3","Emulated","X","","","","","","","","","2026-01-27","","","22:28:00","--","","--","","--","","--","","--","","--","--","PS2 / PC","Direct Download","60","","2026-01-29 20:12:56","2026-04-01 09:11:01"
"Tony Hawk's Pro Skater","Emulated","","","","","","","X","","","2025-07-22","2025-07-25","First-Play","--","6:36:00","Finished as Tony Hawk","--","","--","","--","","--","","--","--","PS1 / PC","Direct Download","50","","2025-07-22 12:09:19","2025-07-25 12:14:58"
"Touhou Fuumaroku ~ The Story of Eastern Wonderland","Emulated","","","","","","","X","","","","2023-10-06","First-Play","--","1:30:00","Bad Ending #3 Normal Difficulty","--","","--","","--","","--","","--","--","PC-98 / PC","Direct Download","50","","2023-10-06 17:41:44","2023-10-24 12:29:38"
"Touhou Gensoukyou ~ Lotus Land Story","Emulated","","","","","","","X","","","2024-09-24","2024-09-24","First-Play","--","00:49:00","Good ending #1","--","","--","","--","","--","","--","--","PC-98 / PC","Direct Download","50","","2024-09-24 16:24:11","2024-10-30 12:29:22"
"Touhou Kaikidan ~ Mystic Square","Emulated","","","","","","","X","","","2024-09-24","2024-09-30","First-Play","--","1:06:00","Good ending #1 Reimu","--","","--","","--","","--","","--","--","PC-98 / PC","Direct Download","50","","2024-09-24 21:20:45","2024-10-30 12:28:11"
"Touhou Koumakyou ~ The Embodiment of Scarlet Devil","PC","","","","","","","X","","","2024-10-02","2024-10-03","First-Play","--","00:28:00","Easy Mode - Reimu A","--","","--","","--","","--","","--","--","","Direct Download","50","","2024-10-02 21:13:07","2024-10-30 12:27:48"
"Touhou Luna Nights","PC","","","","","","","X","","","","2021-04-27","First-Play","16:01:00","16:01:00","","--","","--","","--","","--","","--","--","","Steam","70","","2021-07-19 19:37:07","2024-08-06 15:31:10"
"Touhou Reiiden ~ The Highly Responsive to Prayers","Emulated","","","","","","","X","","","","2023-10-05","First-Play","--","1:52:00","Bad Ending #1 Normal Difficulty","--","","--","","--","","--","","--","--","PC-98 / PC","Direct Download","50","","2023-10-04 23:29:47","2023-10-24 12:29:32"
"Touhou Youyoumu ~ Perfect Cherry Blossom","PC","","","","","","","X","","","2026-02-08","2026-02-10","First-Play","--","3:59:00","Normal Mode - Sakuya A - Bad Ending","--","","--","","--","","--","","--","--","","Direct Download","60","","2026-02-08 08:10:55","2026-02-10 03:14:40"
"Touhou Yumejikuu ~ The Phantasmagoria of Dim.Dream","Emulated","","","","","","","X","","","2024-09-21","2024-09-23","First-Play","--","00:42:00","Reimu ending","--","","--","","--","","--","","--","--","PC-98 / PC","Direct Download","50","","2024-09-23 20:22:57","2024-10-30 12:29:39"
"Toy Story 3: The Video Game","PlayStation Portable","","","","","","","X","","","","2019-11-06","First-Play","5:12:00","5:12:00","","--","","--","","--","","--","","--","--","","Direct Download","30","","2021-07-19 20:33:34","2023-05-09 22:51:16"
"Track & Field","Emulated","","","","","","","X","","","2025-01-04","2025-01-04","First-Play","--","00:21:00","NES version","--","","--","","--","","--","","--","--","NES / PC","Direct Download","50","","2025-01-03 23:24:54","2025-01-03 23:25:49"
"Trails in the Sky 1st Chapter","PC","X","","","","","","","","","2026-01-12","","","52:49:00","--","","--","","--","","--","","--","","--","--","","Steam","70","","2026-01-12 08:45:08","2026-04-05 19:09:26"
"Travis Strikes Again: No More Heroes - Complete Edition","PlayStation 4","","","","","","","X","","","2024-12-09","2024-12-12","First-Play","--","7:49:00","Main Story","--","","--","","--","","--","","--","--","","PlayStation Plus","60","","2024-12-09 13:57:12","2026-02-20 00:25:26"
"Trials of Mana","Emulated","","","","","","","","X","the menus are very slow and overall it feels like you re not actually playing the game","2026-03-01","","","9:13:00","--","","--","","--","","--","","--","","--","--","SNES / PC","Direct Download","50","","2026-03-01 03:11:52","2026-03-16 17:52:45"
"Turbo Overkill","PC","","","","","","","X","","","","2023-08-16","First-Play","10:06:00","10:06:00","","--","","--","","--","","--","","--","--","","Steam","60","","2023-08-15 18:23:06","2023-08-16 03:26:03"
"Ultra Street Fighter IV","PC","","","","","","","X","","","2025-10-01","2025-10-01","First-Play","--","1:59:00","Beat with Elena","--","","--","","--","","--","","--","--","","Steam","50","","2025-10-01 18:38:36","2025-10-01 18:39:42"
"Uncharted 2: Among Thieves","PlayStation 4","","","","","","","X","","","","2023-08-19","First-Play","--","8:30:00","","--","","--","","--","","--","","--","--","","PlayStation Store","40","","2023-08-19 07:14:33","2023-09-24 23:16:15"
"Uncharted 3: Drake's Deception","PlayStation 4","","","","","","","X","","","","2024-05-15","First-Play","--","9:05:00","","--","","--","","--","","--","","--","--","","PlayStation Store","50","","2024-05-12 10:03:56","2024-05-15 15:59:30"
"Uncharted: Drake's Fortune","PlayStation 4","","","","","","","X","","","","2020-05-02","First-Play","--","10:25:00","","--","","--","","--","","--","","--","--","","PlayStation Store","30","","2021-07-19 21:04:45","2023-05-09 23:03:09"
"Virtua Fighter","Emulated","","","","","","","X","","","2025-01-08","2025-01-08","First-Play","--","00:40:00","Beat the game with Lau","--","","--","","--","","--","","--","--","Sega Model 1 / PC","Direct Download","30","","2025-01-08 08:02:21","2025-01-10 20:50:44"
"Virtua Fighter 2","Emulated","","","","","","","X","","","2025-01-10","2025-01-10","First-Play","--","00:33:00","Beat the game with Lau","--","","--","","--","","--","","--","--","SS / PC","Direct Download","30","","2025-01-10 17:32:54","2025-01-10 20:51:03"
"Virtua Fighter 3tb","Emulated","","","","","","","X","","","2025-07-28","2025-07-28","First-Play","--","00:30:00","Normal mode with Akira","--","","--","","--","","--","","--","--","DC / PC","Direct Download","50","","2025-07-28 20:29:38","2025-07-28 20:45:58"
"Virtua Fighter 4: Evolution","Emulated","","","","","","","X","","","2025-07-31","2025-07-31","First-Play","--","00:40:00","Arcade mode with Shun Di","--","","--","","--","","--","","--","--","PS2 / PC","Direct Download","50","","2025-07-30 21:41:29","2025-07-31 00:20:44"
"Virtua Fighter 5","Emulated","","","","","","","X","","","2025-07-31","2025-07-31","First-Play","--","00:39:00","Arcade mode with Eileen","--","","--","","--","","--","","--","--","PS3 / PC","Direct Download","50","","2025-07-31 00:11:17","2025-07-31 00:21:33"
"Virtua Fighter Kids","Emulated","","","","","","","X","","","2025-08-01","2025-08-01","First-Play","--","00:22:00","Arcade mode with Pai","--","","--","","--","","--","","--","--","SS / PC","Direct Download","30","","2025-07-31 23:02:06","2025-08-01 06:23:37"
"Volfied","Emulated","","","","","","","X","","","2024-11-16","2024-11-16","First-Play","--","00:53:00","Cleared 15 levels","--","","--","","--","","--","","--","--","DOS / PC","Direct Download","50","","2024-11-16 06:01:13","2024-11-16 13:24:41"
"VR Kanojo","PC VR","","","","","","","X","","","","2023-07-11","First-Play","--","00:34:00","","--","","--","","--","","--","","--","--","","Direct Download","40","","2023-07-11 22:11:03","2023-07-11 22:11:03"
"Wanted: Dead","PC","","","","","","","","X","Feels cheap.","2025-10-26","","","1:16:00","--","","--","","--","","--","","--","","--","--","","Direct Download","0","","2025-10-26 13:36:42","2025-10-26 13:39:17"
"Warhammer 40,000: Space Marine II","PlayStation 5","X","","","","","","","","","2026-03-24","","","4:20:00","--","","--","","--","","--","","--","","--","--","","PlayStation Plus","50","","2026-03-25 01:14:41","2026-03-25 01:15:23"
"WarioWare, Inc.: Mega Microgame$!","Emulated","","","","","","","X","","","2026-03-29","2026-03-29","Replay","--","1:24:00","","--","","--","","--","","--","","--","--","GBA / PC","Direct Download","70","","2026-03-29 07:28:52","2026-03-29 07:30:30"
"WarioWare, Inc.: Mega Party Games!","Wii","","","","","","","X","","","","2024-01-28","First-Play","--","2:43:00","","--","","--","","--","","--","","--","--","","Direct Download","70","","2024-01-28 12:08:09","2024-01-28 12:08:40"
"Wet","Emulated","","","","","","","X","","","2025-10-22","2025-10-26","First-Play","--","5:38:00","","--","","--","","--","","--","","--","--","X360 / PC","Direct Download","50","","2025-10-22 04:01:31","2025-10-26 08:17:36"
"WHAT THE GOLF?","PC","","","","","","","X","","","","2022-10-24","First-Play","--","--","","5:43:15","","--","","--","","--","","--","--","","Steam","60","","2022-10-24 20:04:10","2023-07-09 11:21:06"
"World of Goo","PC","","","","","","","X","","","","2024-04-01","First-Play","--","--","","4:22:00","","--","","--","","--","","--","--","","Steam","60","","2024-03-31 23:10:57","2024-03-31 23:12:12"
"Wuchang: Fallen Feathers","PC","","","","","","","","X","Flashy movesets but weapons zero functionality and clunky gameplay.","2025-07-24","","","1:07:00","--","","--","","--","","--","","--","","--","--","","Xbox Game Pass","0","","2025-07-24 14:09:43","2025-07-24 14:19:13"
"X-Men vs. Street Fighter","Emulated","","","","","","","X","","","2025-09-29","2025-09-29","First-Play","--","00:23:00","Beat with Wolverine and Gambit","--","","--","","--","","--","","--","--","Capcom Play System 2 / PC","Direct Download","50","","2025-09-29 06:01:09","2025-09-29 06:02:19"
"XCOM: Enemy Unknown","PC","","","","","","","","X","Save Corrupted","2025-07-06","","","8:08:00","--","","--","","--","","--","","--","","--","--","","Steam","70","","2025-07-06 15:56:23","2025-08-14 17:52:33"
"Yakuza","Emulated","","","","","","","X","","","2025-10-26","2025-11-13","First-Play","--","15:38:00","","--","","--","","--","","--","","--","--","PS2 / PC","Direct Download","70","","2025-10-26 15:17:18","2025-11-12 21:26:45"
"Zelda II: The Adventure of Link","Emulated","","","","","","","","X","core gimmick is good but it's really hard.","2025-10-27","","","1:10:00","--","","--","","--","","--","","--","","--","--","NES / PC","Direct Download","50","","2025-10-27 13:56:10","2025-10-28 12:18:22"
"Zup!","PC","","","","","","","X","","","","2021-08-31","First-Play","--","00:14:00","","--","","--","","--","","--","","--","--","","Steam","40","","2021-08-31 07:32:19","2023-05-09 23:04:17"
"Zup! 2","PC","","","","","","","X","","","","2022-07-18","Replay","3:28:00","3:28:00","","--","","--","","--","","--","","--","--","","Steam","40","","2022-07-18 17:12:40","2023-05-09 23:04:23"
"巫兎 - KANNAGI USAGI -","PC","","","","","","","X","","","","2023-11-10","First-Play","--","2:54:00","","--","","--","","--","","--","","--","--","","Steam","70","","2023-11-08 15:04:44","2023-11-10 06:02:34"
